Algorithm,Text Length,Pattern Length,Time (s),Memory (KB)
Suffix Array,100,10,8.249282836914062e-05,11.8427734375
Suffix Tree,100,10,1.5926361083984374e-05,1.15625
FM Index,100,10,1.3279914855957032e-05,1.189453125
Suffix Array,150,10,0.00012476444244384765,20.908203125
Suffix Tree,150,10,1.4328956604003907e-05,0.34375
FM Index,150,10,1.2731552124023437e-05,0.376953125
Suffix Array,200,10,0.00016460418701171874,32.2587890625
Suffix Tree,200,10,1.3852119445800782e-05,0.34375
FM Index,200,10,1.3971328735351563e-05,0.376953125
Suffix Array,250,10,0.00021643638610839843,46.67578125
Suffix Tree,250,10,1.609325408935547e-05,0.34375
FM Index,250,10,1.4138221740722656e-05,0.376953125
Suffix Array,300,10,0.00025920867919921876,64.2998046875
Suffix Tree,300,10,1.5115737915039062e-05,0.37109375
FM Index,300,10,1.3303756713867187e-05,0.431640625
Suffix Array,350,10,0.0003082752227783203,84.591796875
Suffix Tree,350,10,1.4519691467285158e-05,0.37109375
FM Index,350,10,1.4138221740722656e-05,0.431640625
Suffix Array,400,10,0.0003787040710449219,107.3876953125
Suffix Tree,400,10,1.5664100646972657e-05,0.37109375
FM Index,400,10,1.4972686767578124e-05,0.458984375
Suffix Array,450,10,0.0004296302795410156,132.75
Suffix Tree,450,10,1.4328956604003907e-05,0.37109375
FM Index,450,10,1.475811004638672e-05,0.431640625
Suffix Array,500,10,0.0004886627197265625,160.6787109375
Suffix Tree,500,10,1.56402587890625e-05,0.3984375
FM Index,500,10,1.7833709716796874e-05,0.458984375
Suffix Array,550,10,0.000557851791381836,191.173828125
Suffix Tree,550,10,1.52587890625e-05,0.37109375
FM Index,550,10,1.430511474609375e-05,0.525390625
Suffix Array,600,10,0.0006128549575805664,224.2353515625
Suffix Tree,600,10,1.5926361083984374e-05,0.3984375
FM Index,600,10,1.41143798828125e-05,0.525390625
Suffix Array,650,10,0.0006621599197387696,258.48828125
Suffix Tree,650,10,1.4472007751464844e-05,0.3984375
FM Index,650,10,1.4209747314453125e-05,0.458984375
Suffix Array,700,10,0.0007699251174926758,296.5576171875
Suffix Tree,700,10,1.659393310546875e-05,0.3984375
FM Index,700,10,1.4734268188476564e-05,0.525390625
Suffix Array,750,10,0.0008303403854370117,335.693359375
Suffix Tree,750,10,1.4328956604003905e-05,0.37109375
FM Index,750,10,1.5091896057128907e-05,0.525390625
Suffix Array,800,10,0.0009605884552001953,378.8330078125
Suffix Tree,800,10,1.6307830810546876e-05,0.3984375
FM Index,800,10,1.6570091247558594e-05,0.525390625
Suffix Array,850,10,0.0009261369705200195,422.8515625
Suffix Tree,850,10,1.7309188842773436e-05,0.3984375
FM Index,850,10,1.480579376220703e-05,0.525390625
Suffix Array,900,10,0.000987839698791504,471.0615234375
Suffix Tree,900,10,1.4734268188476562e-05,0.3984375
FM Index,900,10,1.4996528625488281e-05,0.525390625
Suffix Array,950,10,0.0008741378784179688,519.962890625
Suffix Tree,950,10,1.6021728515625e-05,0.37109375
FM Index,950,10,1.621246337890625e-05,0.525390625
Suffix Array,1000,10,0.0012195825576782227,573.3056640625
Suffix Tree,1000,10,1.773834228515625e-05,0.3984375
FM Index,1000,10,1.4567375183105467e-05,0.458984375
Suffix Array,1050,10,0.0012190580368041993,627.08984375
Suffix Tree,1050,10,1.52587890625e-05,0.37109375
FM Index,1050,10,1.48773193359375e-05,0.525390625
Suffix Array,1100,10,0.0012683391571044922,683.3154296875
Suffix Tree,1100,10,1.71661376953125e-05,0.3984375
FM Index,1100,10,1.4472007751464844e-05,0.525390625
Suffix Array,1150,10,0.0013735294342041016,744.232421875
Suffix Tree,1150,10,1.583099365234375e-05,0.3984375
FM Index,1150,10,1.6069412231445314e-05,0.525390625
Suffix Array,1200,10,0.0014555215835571288,805.3408203125
Suffix Tree,1200,10,1.604557037353516e-05,0.3984375
FM Index,1200,10,1.6975402832031247e-05,0.525390625
Suffix Array,1250,10,0.0015539169311523438,871.390625
Suffix Tree,1250,10,1.7189979553222655e-05,0.37109375
FM Index,1250,10,1.6069412231445314e-05,0.525390625
Suffix Array,1300,10,0.0016321659088134766,937.5927734375
Suffix Tree,1300,10,1.8095970153808595e-05,0.3984375
FM Index,1300,10,1.5306472778320313e-05,0.525390625
Suffix Array,1350,10,0.0016667604446411132,1005.814453125
Suffix Tree,1350,10,1.461505889892578e-05,0.3984375
FM Index,1350,10,1.71661376953125e-05,0.525390625
Suffix Array,1400,10,0.001820206642150879,1076.6884765625
Suffix Tree,1400,10,1.6641616821289062e-05,0.3984375
FM Index,1400,10,1.6570091247558594e-05,0.458984375
Suffix Array,1450,10,0.0024741172790527345,1152.81640625
Suffix Tree,1450,10,1.9001960754394532e-05,0.4453125
FM Index,1450,10,1.79290771484375e-05,0.525390625
Suffix Array,1500,10,0.0021087169647216798,1228.5732421875
Suffix Tree,1500,10,2.143383026123047e-05,0.3984375
FM Index,1500,10,1.7571449279785157e-05,0.525390625
Suffix Array,1550,10,0.0024121761322021484,1306.982421875
Suffix Tree,1550,10,1.5950202941894533e-05,0.3984375
FM Index,1550,10,1.990795135498047e-05,0.525390625
Suffix Array,1600,10,0.002552914619445801,1390.5986328125
Suffix Tree,1600,10,1.9621849060058593e-05,0.3984375
FM Index,1600,10,1.919269561767578e-05,0.525390625
Suffix Array,1650,10,0.0025985240936279297,1473.6796875
Suffix Tree,1650,10,1.5664100646972657e-05,0.3984375
FM Index,1650,10,1.6283988952636718e-05,0.525390625
Suffix Array,1700,10,0.0024710178375244142,1559.2021484375
Suffix Tree,1700,10,2.186298370361328e-05,0.37109375
FM Index,1700,10,1.8262863159179686e-05,0.525390625
Suffix Array,1750,10,0.0025823831558227537,1647.166015625
Suffix Tree,1750,10,1.986026763916016e-05,0.3984375
FM Index,1750,10,1.8215179443359376e-05,0.525390625
Suffix Array,1800,10,0.0025197505950927735,1741.1337890625
Suffix Tree,1800,10,1.7023086547851564e-05,0.3984375
FM Index,1800,10,1.7976760864257814e-05,0.525390625
Suffix Array,1850,10,0.002833986282348633,1833.98046875
Suffix Tree,1850,10,1.5282630920410155e-05,0.3984375
FM Index,1850,10,1.823902130126953e-05,0.525390625
Suffix Array,1900,10,0.002812504768371582,1929.2685546875
Suffix Tree,1900,10,1.7452239990234372e-05,0.3984375
FM Index,1900,10,2.0313262939453122e-05,0.525390625
Suffix Array,1950,10,0.00214533805847168,2026.998046875
Suffix Tree,1950,10,9.441375732421875e-06,0.4453125
FM Index,1950,10,1.0824203491210937e-05,0.525390625
Suffix Array,2000,10,0.0017904281616210938,2127.2236328125
Suffix Tree,2000,10,9.560585021972657e-06,0.37109375
FM Index,2000,10,1.1587142944335938e-05,0.525390625
Suffix Array,2050,10,0.001833057403564453,2236.5703125
Suffix Tree,2050,10,1.1014938354492188e-05,0.3984375
FM Index,2050,10,1.0228157043457031e-05,0.525390625
Suffix Array,2100,10,0.0020698070526123046,2344.3583984375
Suffix Tree,2100,10,9.84668731689453e-06,0.3984375
FM Index,2100,10,1.0347366333007814e-05,0.525390625
Suffix Array,2150,10,0.001879739761352539,2454.587890625
Suffix Tree,2150,10,1.0561943054199218e-05,0.37109375
FM Index,2150,10,1.1229515075683592e-05,0.525390625
Suffix Array,2200,10,0.002020263671875,2568.3447265625
Suffix Tree,2200,10,9.369850158691406e-06,0.3984375
FM Index,2200,10,1.1086463928222656e-05,0.525390625
Suffix Array,2250,10,0.00197296142578125,2682.37109375
Suffix Tree,2250,10,7.93933868408203e-06,0.3984375
FM Index,2250,10,1.0323524475097656e-05,0.525390625
Suffix Array,2300,10,0.0021259307861328123,2804.4248046875
Suffix Tree,2300,10,9.799003601074219e-06,0.3984375
FM Index,2300,10,1.0442733764648437e-05,0.525390625
Suffix Array,2350,10,0.0021815776824951174,2924.419921875
Suffix Tree,2350,10,1.0085105895996093e-05,0.4453125
FM Index,2350,10,1.2660026550292967e-05,0.525390625
Suffix Array,2400,10,0.0022956371307373048,3046.8564453125
Suffix Tree,2400,10,1.0061264038085938e-05,0.3984375
FM Index,2400,10,1.1563301086425781e-05,0.525390625
Suffix Array,2450,10,0.0023061513900756838,3171.734375
Suffix Tree,2450,10,9.22679901123047e-06,0.3984375
FM Index,2450,10,1.3446807861328125e-05,0.525390625
Suffix Array,2500,10,0.0024076461791992187,3299.0537109375
Suffix Tree,2500,10,1.1801719665527344e-05,0.3984375
FM Index,2500,10,1.1587142944335936e-05,0.525390625
Suffix Array,2550,10,0.0025340795516967775,3428.814453125
Suffix Tree,2550,10,9.775161743164062e-06,0.3984375
FM Index,2550,10,1.1205673217773438e-05,0.525390625
Suffix Array,2600,10,0.0025380849838256836,3566.0791015625
Suffix Tree,2600,10,9.72747802734375e-06,0.3984375
FM Index,2600,10,1.1014938354492188e-05,0.525390625
Suffix Array,2650,10,0.0027208566665649415,3702.095703125
Suffix Tree,2650,10,1.1968612670898438e-05,0.4453125
FM Index,2650,10,1.1944770812988282e-05,0.458984375
Suffix Array,2700,10,0.0028486251831054688,3809.71875
Suffix Tree,2700,10,9.202957153320313e-06,0.3984375
FM Index,2700,10,1.2540817260742188e-05,0.525390625
Suffix Array,2750,10,0.003769707679748535,3977.333984375
Suffix Tree,2750,10,9.250640869140624e-06,0.3984375
FM Index,2750,10,1.2278556823730469e-05,0.525390625
Suffix Array,2800,10,0.003146791458129883,4119.3017578125
Suffix Tree,2800,10,9.322166442871092e-06,0.3984375
FM Index,2800,10,1.1730194091796876e-05,0.525390625
Suffix Array,2850,10,0.0031723737716674804,4263.7109375
Suffix Tree,2850,10,1.068115234375e-05,0.3984375
FM Index,2850,10,1.571178436279297e-05,0.525390625
Suffix Array,2900,10,0.003181743621826172,4416.2490234375
Suffix Tree,2900,10,9.131431579589843e-06,0.3984375
FM Index,2900,10,1.2421607971191405e-05,0.525390625
Suffix Array,2950,10,0.0033771038055419923,4566.626953125
Suffix Tree,2950,10,1.1420249938964845e-05,0.4453125
FM Index,2950,10,1.3065338134765624e-05,0.525390625
Suffix Array,3000,10,0.003411388397216797,4717.2744140625
Suffix Tree,3000,10,1.0824203491210939e-05,0.3984375
FM Index,3000,10,1.5521049499511717e-05,0.525390625
Suffix Array,3050,10,0.0036904573440551757,4871.44921875
Suffix Tree,3050,10,1.0204315185546874e-05,0.3984375
FM Index,3050,10,1.3089179992675781e-05,0.525390625
Suffix Array,3100,10,0.003609299659729004,5028.0654296875
Suffix Tree,3100,10,9.274482727050781e-06,0.3984375
FM Index,3100,10,1.2516975402832031e-05,0.525390625
Suffix Array,3150,10,0.003536415100097656,5187.123046875
Suffix Tree,3150,10,1.0275840759277342e-05,0.3984375
FM Index,3150,10,1.2516975402832031e-05,0.525390625
Suffix Array,3200,10,0.0035816431045532227,5348.6220703125
Suffix Tree,3200,10,1.0275840759277344e-05,0.4453125
FM Index,3200,10,1.895427703857422e-05,0.525390625
Suffix Array,3250,10,0.0047659635543823246,5519.0
Suffix Tree,3250,10,9.107589721679688e-06,0.3984375
FM Index,3250,10,1.2135505676269531e-05,0.525390625
Suffix Array,3300,10,0.0038239240646362306,5685.3818359375
Suffix Tree,3300,10,1.003742218017578e-05,0.3984375
FM Index,3300,10,1.3375282287597657e-05,0.525390625
Suffix Array,3350,10,0.0038158178329467775,5854.205078125
Suffix Tree,3350,10,1.018047332763672e-05,0.3984375
FM Index,3350,10,1.4591217041015624e-05,0.525390625
Suffix Array,3400,10,0.0038904905319213866,6025.4697265625
Suffix Tree,3400,10,9.250640869140624e-06,0.3984375
FM Index,3400,10,1.3518333435058594e-05,0.525390625
Suffix Array,3450,10,0.0038559675216674806,6200.47265625
Suffix Tree,3450,10,1.0204315185546874e-05,0.3984375
FM Index,3450,10,1.4686584472656249e-05,0.525390625
Suffix Array,3500,10,0.01880488395690918,6386.80078125
Suffix Tree,3500,10,9.894371032714844e-06,0.4453125
FM Index,3500,10,1.3709068298339844e-05,2.0625
Suffix Array,3550,10,0.004044079780578613,6553.912109375
Suffix Tree,3550,10,9.822845458984376e-06,0.3984375
FM Index,3550,10,1.8858909606933592e-05,0.525390625
Suffix Array,3600,10,0.004233360290527344,6734.9423828125
Suffix Tree,3600,10,9.775161743164062e-06,0.3984375
FM Index,3600,10,1.3589859008789062e-05,0.525390625
Suffix Array,3650,10,0.0043688535690307615,6918.4140625
Suffix Tree,3650,10,9.441375732421875e-06,0.3984375
FM Index,3650,10,1.5950202941894533e-05,0.525390625
Suffix Array,3700,10,0.004672050476074219,7112.6630859375
Suffix Tree,3700,10,9.5367431640625e-06,0.4453125
FM Index,3700,10,1.3065338134765624e-05,0.525390625
Suffix Array,3750,10,0.004184103012084961,7299.931640625
Suffix Tree,3750,10,9.107589721679688e-06,0.3984375
FM Index,3750,10,1.354217529296875e-05,0.525390625
Suffix Array,3800,10,0.004224300384521484,7490.7275390625
Suffix Tree,3800,10,1.2254714965820312e-05,0.3984375
FM Index,3800,10,1.33514404296875e-05,0.525390625
Suffix Array,3850,10,0.004354691505432129,7683.96484375
Suffix Tree,3850,10,9.298324584960938e-06,0.3984375
FM Index,3850,10,1.5187263488769532e-05,0.525390625
Suffix Array,3900,10,0.004576468467712402,7879.6435546875
Suffix Tree,3900,10,9.22679901123047e-06,0.3984375
FM Index,3900,10,1.5115737915039064e-05,0.525390625
Suffix Array,3950,10,0.01916928291320801,8078.021484375
Suffix Tree,3950,10,9.322166442871094e-06,0.4453125
FM Index,3950,10,1.3470649719238281e-05,0.525390625
Suffix Array,4000,10,0.004773235321044922,8278.3251953125
Suffix Tree,4000,10,9.5367431640625e-06,0.3984375
FM Index,4000,10,1.4448165893554688e-05,0.525390625
Suffix Array,4050,10,0.005056452751159668,8481.328125
Suffix Tree,4050,10,9.274482727050783e-06,0.3984375
FM Index,4050,10,1.659393310546875e-05,0.525390625
Suffix Array,4100,10,0.006254410743713379,8686.7724609375
Suffix Tree,4100,10,1.0037422180175782e-05,0.3984375
FM Index,4100,10,1.3828277587890625e-05,0.525390625
Suffix Array,4150,10,0.005149316787719726,8903.771484375
Suffix Tree,4150,10,9.322166442871094e-06,0.4453125
FM Index,4150,10,1.5521049499511717e-05,0.525390625
Suffix Array,4200,10,0.005526208877563476,9113.1103515625
Suffix Tree,4200,10,1.1610984802246094e-05,0.3984375
FM Index,4200,10,1.6427040100097658e-05,0.525390625
Suffix Array,4250,10,0.006319212913513184,9325.87890625
Suffix Tree,4250,10,1.1229515075683592e-05,0.3984375
FM Index,4250,10,1.4758110046386718e-05,0.525390625
Suffix Array,4300,10,0.005678987503051758,9543.6484375
Suffix Tree,4300,10,1.0156631469726563e-05,0.4453125
FM Index,4300,10,1.5616416931152344e-05,0.525390625
Suffix Array,4350,10,0.005792450904846191,9758.740234375
Suffix Tree,4350,10,1.0728836059570312e-05,0.3984375
FM Index,4350,10,1.71661376953125e-05,0.525390625
Suffix Array,4400,10,0.006748270988464355,9978.8330078125
Suffix Tree,4400,10,1.0204315185546874e-05,0.3984375
FM Index,4400,10,1.5687942504882815e-05,0.525390625
Suffix Array,4450,10,0.0055607080459594725,10201.578125
Suffix Tree,4450,10,9.751319885253906e-06,0.3984375
FM Index,4450,10,1.5091896057128906e-05,0.525390625
Suffix Array,4500,10,0.005601763725280762,10426.6005859375
Suffix Tree,4500,10,1.0657310485839844e-05,0.3984375
FM Index,4500,10,1.5926361083984374e-05,0.525390625
Suffix Array,4550,10,0.005854249000549316,10653.759765625
Suffix Tree,4550,10,9.72747802734375e-06,0.41796875
FM Index,4550,10,1.556873321533203e-05,0.525390625
Suffix Array,4600,10,0.006033706665039063,10883.6181640625
Suffix Tree,4600,10,1.0013580322265625e-05,0.3984375
FM Index,4600,10,1.614093780517578e-05,0.525390625
Suffix Array,4650,10,0.006024599075317383,11125.04296875
Suffix Tree,4650,10,1.3279914855957032e-05,0.3984375
FM Index,4650,10,1.6379356384277344e-05,0.525390625
Suffix Array,4700,10,0.006092381477355957,11359.7841796875
Suffix Tree,4700,10,9.560585021972655e-06,0.4453125
FM Index,4700,10,1.659393310546875e-05,0.525390625
Suffix Array,4750,10,0.006226539611816406,11597.177734375
Suffix Tree,4750,10,1.068115234375e-05,0.37109375
FM Index,4750,10,1.5902519226074216e-05,0.525390625
Suffix Array,4800,10,0.006258630752563476,11836.5908203125
Suffix Tree,4800,10,1.0704994201660156e-05,0.3984375
FM Index,4800,10,1.7189979553222655e-05,0.525390625
Suffix Array,4850,10,0.006175541877746582,12078.65625
Suffix Tree,4850,10,9.918212890624999e-06,0.3984375
FM Index,4850,10,1.6856193542480466e-05,0.525390625
Suffix Array,4900,10,0.006328463554382324,12325.935546875
Suffix Tree,4900,10,9.441375732421875e-06,0.4453125
FM Index,4900,10,1.4996528625488281e-05,0.525390625
Suffix Array,4950,10,0.007015514373779297,12570.111328125
Suffix Tree,4950,10,9.393692016601562e-06,0.3984375
FM Index,4950,10,1.5997886657714842e-05,0.525390625
Suffix Array,5000,10,0.007595610618591308,12819.5009765625
Suffix Tree,5000,10,1.1610984802246094e-05,0.3984375
FM Index,5000,10,1.823902130126953e-05,0.525390625
Suffix Array,5050,10,0.007300853729248047,13071.33203125
Suffix Tree,5050,10,1.010894775390625e-05,0.4453125
FM Index,5050,10,1.654624938964844e-05,0.525390625
Suffix Array,5100,10,0.007137441635131836,13327.2041015625
Suffix Tree,5100,10,9.870529174804689e-06,0.3984375
FM Index,5100,10,1.6427040100097658e-05,0.525390625
Suffix Array,5150,10,0.007267379760742187,13582.318359375
Suffix Tree,5150,10,9.322166442871094e-06,0.3984375
FM Index,5150,10,1.71661376953125e-05,0.525390625
Suffix Array,5200,10,0.006871461868286133,13841.4736328125
Suffix Tree,5200,10,1.0085105895996093e-05,0.3984375
FM Index,5200,10,1.9001960754394532e-05,0.525390625
Suffix Array,5250,10,0.007074284553527832,14113.3828125
Suffix Tree,5250,10,1.0132789611816406e-05,0.41796875
FM Index,5250,10,1.5521049499511717e-05,0.525390625
Suffix Array,5300,10,0.007184553146362305,14377.4208984375
Suffix Tree,5300,10,9.417533874511719e-06,0.3984375
FM Index,5300,10,1.6021728515624997e-05,0.525390625
Suffix Array,5350,10,0.007131004333496093,14643.900390625
Suffix Tree,5350,10,9.22679901123047e-06,0.3984375
FM Index,5350,10,1.7881393432617188e-05,0.525390625
Suffix Array,5400,10,0.00745701789855957,14922.2841796875
Suffix Tree,5400,10,9.369850158691406e-06,0.4453125
FM Index,5400,10,1.7762184143066406e-05,0.525390625
Suffix Array,5450,10,0.007612824440002441,15185.109375
Suffix Tree,5450,10,9.98973846435547e-06,0.3984375
FM Index,5450,10,1.6689300537109375e-05,0.525390625
Suffix Array,5500,10,0.0075625419616699215,15458.1357421875
Suffix Tree,5500,10,1.6140937805175782e-05,0.3984375
FM Index,5500,10,1.7571449279785157e-05,0.525390625
Suffix Array,5550,10,0.007628583908081054,15734.232421875
Suffix Tree,5550,10,9.441375732421875e-06,0.3984375
FM Index,5550,10,1.823902130126953e-05,0.525390625
Suffix Array,5600,10,0.00852811336517334,16016.697265625
Suffix Tree,5600,10,1.5497207641601562e-05,0.4453125
FM Index,5600,10,2.624988555908203e-05,0.525390625
Suffix Array,5650,10,0.013228940963745116,16294.1953125
Suffix Tree,5650,10,1.811981201171875e-05,0.3984375
FM Index,5650,10,2.8920173645019534e-05,0.458984375
Suffix Array,5700,10,0.012203264236450195,16577.6162109375
Suffix Tree,5700,10,5.183219909667969e-05,0.3984375
FM Index,5700,10,2.5105476379394534e-05,0.525390625
Suffix Array,5750,10,0.012490963935852051,16863.626953125
Suffix Tree,5750,10,1.7309188842773436e-05,0.4453125
FM Index,5750,10,2.6035308837890626e-05,0.525390625
Suffix Array,5800,10,0.012193059921264649,17152.0791015625
Suffix Tree,5800,10,1.659393310546875e-05,0.3984375
FM Index,5800,10,2.5677680969238282e-05,0.525390625
Suffix Array,5850,10,0.013425254821777343,17442.97265625
Suffix Tree,5850,10,1.850128173828125e-05,0.4453125
FM Index,5850,10,2.9039382934570312e-05,0.525390625
Suffix Array,5900,10,0.013884639739990235,17748.0185546875
Suffix Tree,5900,10,1.819133758544922e-05,0.3984375
FM Index,5900,10,2.5320053100585938e-05,0.525390625
Suffix Array,5950,10,0.014101696014404298,18046.8662109375
Suffix Tree,5950,10,1.0585784912109375e-05,0.3984375
FM Index,5950,10,1.8382072448730467e-05,0.525390625
Suffix Array,6000,10,0.009927129745483399,18342.0126953125
Suffix Tree,6000,10,9.655952453613281e-06,0.4453125
FM Index,6000,10,1.795291900634766e-05,0.525390625
Suffix Array,6050,10,0.009320449829101563,18642.5234375
Suffix Tree,6050,10,9.965896606445312e-06,0.3984375
FM Index,6050,10,1.9598007202148438e-05,0.525390625
Suffix Array,6100,10,0.008971071243286133,18955.3232421875
Suffix Tree,6100,10,1.049041748046875e-05,0.3984375
FM Index,6100,10,1.9812583923339842e-05,0.525390625
Suffix Array,6150,10,0.008885645866394043,19251.166015625
Suffix Tree,6150,10,1.0323524475097656e-05,0.3984375
FM Index,6150,10,2.205371856689453e-05,0.525390625
Suffix Array,6200,10,0.009227323532104491,19559.1494140625
Suffix Tree,6200,10,9.560585021972655e-06,0.4453125
FM Index,6200,10,2.0742416381835938e-05,0.525390625
Suffix Array,6250,10,0.010026001930236816,19869.72265625
Suffix Tree,6250,10,1.0943412780761718e-05,0.3984375
FM Index,6250,10,1.7833709716796874e-05,0.525390625
Suffix Array,6300,10,0.009062576293945312,20182.4404296875
Suffix Tree,6300,10,9.274482727050781e-06,0.4453125
FM Index,6300,10,2.7394294738769533e-05,0.525390625
Suffix Array,6350,10,0.010124564170837402,20498.833984375
Suffix Tree,6350,10,9.84668731689453e-06,0.3984375
FM Index,6350,10,1.8024444580078124e-05,0.525390625
Suffix Array,6400,10,0.0094329833984375,20815.4970703125
Suffix Tree,6400,10,9.274482727050781e-06,0.3984375
FM Index,6400,10,2.0241737365722658e-05,0.525390625
Suffix Array,6450,10,0.009624814987182618,21136.09375
Suffix Tree,6450,10,1.1157989501953124e-05,0.4453125
FM Index,6450,10,1.8906593322753906e-05,0.525390625
Suffix Array,6500,10,0.009932112693786622,21517.1767578125
Suffix Tree,6500,10,9.894371032714844e-06,0.3984375
FM Index,6500,10,1.8978118896484374e-05,0.525390625
Suffix Array,6550,10,0.010195112228393555,21783.650390625
Suffix Tree,6550,10,1.0848045349121094e-05,0.3984375
FM Index,6550,10,1.940727233886719e-05,0.525390625
Suffix Array,6600,10,0.018241405487060547,22110.9072265625
Suffix Tree,6600,10,9.1552734375e-06,0.4453125
FM Index,6600,10,2.086162567138672e-05,0.525390625
Suffix Array,6650,10,0.010412788391113282,22453.86328125
Suffix Tree,6650,10,1.003742218017578e-05,0.3984375
FM Index,6650,10,1.7952919006347656e-05,0.525390625
Suffix Array,6700,10,0.009897756576538085,22786.2607421875
Suffix Tree,6700,10,1.3780593872070312e-05,0.3984375
FM Index,6700,10,1.816749572753906e-05,0.525390625
Suffix Array,6750,10,0.010222768783569336,23121.099609375
Suffix Tree,6750,10,9.441375732421875e-06,0.4453125
FM Index,6750,10,1.9931793212890624e-05,0.525390625
Suffix Array,6800,10,0.011643600463867188,23458.3798828125
Suffix Tree,6800,10,1.0752677917480469e-05,0.3984375
FM Index,6800,10,2.114772796630859e-05,0.525390625
Suffix Array,6850,10,0.011370372772216798,23798.1015625
Suffix Tree,6850,10,1.0061264038085938e-05,0.41796875
FM Index,6850,10,2.2077560424804686e-05,0.525390625
Suffix Array,6900,10,0.011592698097229005,24141.3505859375
Suffix Tree,6900,10,1.0156631469726561e-05,0.3984375
FM Index,6900,10,2.0956993103027345e-05,0.525390625
Suffix Array,6950,10,0.010604953765869141,24485.955078125
Suffix Tree,6950,10,1.0347366333007812e-05,0.3984375
FM Index,6950,10,2.0670890808105466e-05,0.525390625
Suffix Array,7000,10,0.011884927749633789,24846.7626953125
Suffix Tree,7000,10,9.965896606445312e-06,0.4453125
FM Index,7000,10,1.94549560546875e-05,0.525390625
Suffix Array,7050,10,0.011469030380249023,25182.48828125
Suffix Tree,7050,10,9.34600830078125e-06,0.3984375
FM Index,7050,10,2.0885467529296874e-05,0.525390625
Suffix Array,7100,10,0.010999608039855956,25534.4169921875
Suffix Tree,7100,10,1.0919570922851562e-05,0.4453125
FM Index,7100,10,1.986026763916016e-05,0.525390625
Suffix Array,7150,10,0.011922883987426757,25887.701171875
Suffix Tree,7150,10,9.465217590332032e-06,0.3984375
FM Index,7150,10,2.1266937255859376e-05,0.525390625
Suffix Array,7200,10,0.011857080459594726,26149.2060546875
Suffix Tree,7200,10,1.0061264038085938e-05,0.3984375
FM Index,7200,10,2.036094665527344e-05,0.525390625
Suffix Array,7250,10,0.012177824974060059,26603.765625
Suffix Tree,7250,10,1.0013580322265625e-05,0.4453125
FM Index,7250,10,2.0051002502441405e-05,0.525390625
Suffix Array,7300,10,0.011454129219055175,26965.4599609375
Suffix Tree,7300,10,1.049041748046875e-05,0.3984375
FM Index,7300,10,2.0551681518554688e-05,0.525390625
Suffix Array,7350,10,0.013387656211853028,27329.744140625
Suffix Tree,7350,10,1.2111663818359374e-05,0.4453125
FM Index,7350,10,2.4771690368652345e-05,0.525390625
Suffix Array,7400,10,0.012640810012817383,27697.2587890625
Suffix Tree,7400,10,1.3899803161621093e-05,0.3984375
FM Index,7400,10,2.0432472229003904e-05,0.525390625
Suffix Array,7450,10,0.01227426528930664,28065.33984375
Suffix Tree,7450,10,1.0085105895996093e-05,0.3984375
FM Index,7450,10,2.1791458129882814e-05,0.525390625
Suffix Array,7500,10,0.012785625457763673,28451.2763671875
Suffix Tree,7500,10,1.0538101196289063e-05,0.4453125
FM Index,7500,10,1.9621849060058596e-05,0.525390625
Suffix Array,7550,10,0.01268751621246338,28826.982421875
Suffix Tree,7550,10,9.34600830078125e-06,0.3984375
FM Index,7550,10,2.036094665527344e-05,0.525390625
Suffix Array,7600,10,0.012198233604431152,29201.6689453125
Suffix Tree,7600,10,1.0728836059570312e-05,0.4453125
FM Index,7600,10,2.1576881408691406e-05,0.525390625
Suffix Array,7650,10,0.014445352554321288,29581.390625
Suffix Tree,7650,10,1.10626220703125e-05,0.3984375
FM Index,7650,10,2.1386146545410157e-05,0.525390625
Suffix Array,7700,10,0.012603974342346192,29961.5302734375
Suffix Tree,7700,10,1.1706352233886719e-05,0.3984375
FM Index,7700,10,2.148151397705078e-05,0.525390625
Suffix Array,7750,10,0.019269514083862304,30345.345703125
Suffix Tree,7750,10,1.94549560546875e-05,0.4453125
FM Index,7750,10,3.0207633972167966e-05,0.525390625
Suffix Array,7800,10,0.018787050247192384,30731.3056640625
Suffix Tree,7800,10,1.7881393432617188e-05,0.3984375
FM Index,7800,10,3.345012664794922e-05,0.525390625
Suffix Array,7850,10,0.01867218017578125,31120.00390625
Suffix Tree,7850,10,2.0051002502441405e-05,0.4453125
FM Index,7850,10,3.47137451171875e-05,0.458984375
Suffix Array,7900,10,0.021745967864990234,31510.9951171875
Suffix Tree,7900,10,1.8334388732910158e-05,0.3984375
FM Index,7900,10,3.2734870910644534e-05,0.525390625
Suffix Array,7950,10,0.0205507755279541,31904.279296875
Suffix Tree,7950,10,1.0204315185546874e-05,0.3984375
FM Index,7950,10,2.0718574523925783e-05,0.525390625
Suffix Array,8000,10,0.013590431213378907,32301.2392578125
Suffix Tree,8000,10,1.049041748046875e-05,0.4453125
FM Index,8000,10,2.09808349609375e-05,0.525390625
Suffix Array,8050,10,0.013624095916748047,32703.111328125
Suffix Tree,8050,10,1.049041748046875e-05,0.3984375
FM Index,8050,10,2.272129058837891e-05,0.525390625
Suffix Array,8100,10,0.013844561576843262,33099.2255859375
Suffix Tree,8100,10,1.080036163330078e-05,0.4453125
FM Index,8100,10,2.1409988403320312e-05,0.525390625
Suffix Array,8150,10,0.0135636568069458,33502.572265625
Suffix Tree,8150,10,1.1205673217773438e-05,0.3984375
FM Index,8150,10,2.1076202392578126e-05,0.525390625
Suffix Array,8200,10,0.014226388931274415,33908.0634765625
Suffix Tree,8200,10,1.0347366333007812e-05,0.4453125
FM Index,8200,10,2.1123886108398436e-05,0.525390625
Suffix Array,8250,10,0.013706564903259277,34317.37890625
Suffix Tree,8250,10,1.0275840759277342e-05,0.3984375
FM Index,8250,10,2.2745132446289064e-05,0.525390625
Suffix Array,8300,10,0.013883709907531738,34726.6669921875
Suffix Tree,8300,10,1.0418891906738282e-05,0.3984375
FM Index,8300,10,2.1958351135253905e-05,0.525390625
Suffix Array,8350,10,0.0158205509185791,35140.919921875
Suffix Tree,8350,10,9.441375732421874e-06,0.4453125
FM Index,8350,10,2.155303955078125e-05,0.525390625
Suffix Array,8400,10,0.01479640007019043,35571.5361328125
Suffix Tree,8400,10,1.2040138244628906e-05,0.3984375
FM Index,8400,10,2.6798248291015626e-05,0.525390625
Suffix Array,8450,10,0.015457940101623536,35997.0810546875
Suffix Tree,8450,10,1.3780593872070312e-05,0.3984375
FM Index,8450,10,2.176761627197266e-05,0.525390625
Suffix Array,8500,10,0.015075445175170898,36409.6708984375
Suffix Tree,8500,10,1.0943412780761718e-05,0.4453125
FM Index,8500,10,2.63214111328125e-05,0.525390625
Suffix Array,8550,10,0.015047025680541993,36832.548828125
Suffix Tree,8550,10,9.369850158691406e-06,0.4453125
FM Index,8550,10,2.226829528808594e-05,0.525390625
Suffix Array,8600,10,0.016080403327941896,37257.7197265625
Suffix Tree,8600,10,1.0085105895996093e-05,0.3984375
FM Index,8600,10,2.346038818359375e-05,0.525390625
Suffix Array,8650,10,0.015415096282958984,37685.18359375
Suffix Tree,8650,10,1.0633468627929688e-05,0.4453125
FM Index,8650,10,2.524852752685547e-05,0.525390625
Suffix Array,8700,10,0.015454912185668945,38115.2373046875
Suffix Tree,8700,10,9.489059448242187e-06,0.3984375
FM Index,8700,10,2.2363662719726562e-05,0.525390625
Suffix Array,8750,10,0.01702733039855957,38547.732421875
Suffix Tree,8750,10,1.018047332763672e-05,0.4453125
FM Index,8750,10,2.2602081298828124e-05,0.525390625
Suffix Array,8800,10,0.015734434127807617,38982.6689453125
Suffix Tree,8800,10,9.465217590332032e-06,0.3984375
FM Index,8800,10,2.2578239440917966e-05,0.525390625
Suffix Array,8850,10,0.015476179122924805,39420.046875
Suffix Tree,8850,10,9.751319885253908e-06,0.4453125
FM Index,8850,10,2.2411346435546875e-05,0.458984375
Suffix Array,8900,10,0.01609644889831543,39859.8662109375
Suffix Tree,8900,10,1.1372566223144532e-05,0.3984375
FM Index,8900,10,2.3365020751953125e-05,0.525390625
Suffix Array,8950,10,0.016507720947265624,40302.126953125
Suffix Tree,8950,10,1.0395050048828125e-05,0.4453125
FM Index,8950,10,2.205371856689453e-05,0.525390625
Suffix Array,9000,10,0.017902255058288574,40749.2216796875
Suffix Tree,9000,10,1.10626220703125e-05,0.3984375
FM Index,9000,10,2.367496490478516e-05,0.525390625
Suffix Array,9050,10,0.016211175918579103,41193.97265625
Suffix Tree,9050,10,1.1038780212402343e-05,0.4453125
FM Index,9050,10,2.305507659912109e-05,0.525390625
Suffix Array,9100,10,0.01647188663482666,41643.7060546875
Suffix Tree,9100,10,9.894371032714844e-06,0.3984375
FM Index,9100,10,2.3126602172851562e-05,0.525390625
Suffix Array,9150,10,0.0179779052734375,42095.732421875
Suffix Tree,9150,10,1.125335693359375e-05,0.4453125
FM Index,9150,10,2.2840499877929687e-05,0.525390625
Suffix Array,9200,10,0.016939163208007812,42550.0517578125
Suffix Tree,9200,10,1.1420249938964843e-05,0.3984375
FM Index,9200,10,2.4938583374023436e-05,0.458984375
Suffix Array,9250,10,0.017626166343688965,43006.9609375
Suffix Tree,9250,10,9.870529174804689e-06,0.3984375
FM Index,9250,10,2.467632293701172e-05,0.525390625
Suffix Array,9300,10,0.022634673118591308,43467.2294921875
Suffix Tree,9300,10,1.9550323486328125e-05,0.4453125
FM Index,9300,10,4.129409790039062e-05,0.525390625
Suffix Array,9350,10,0.025608205795288087,43932.4091796875
Suffix Tree,9350,10,1.8644332885742185e-05,0.4453125
FM Index,9350,10,3.5309791564941405e-05,0.458984375
Suffix Array,9400,10,0.024088335037231446,44392.3369140625
Suffix Tree,9400,10,1.895427703857422e-05,0.3984375
FM Index,9400,10,3.707408905029297e-05,0.525390625
Suffix Array,9450,10,0.027972030639648437,44859.01171875
Suffix Tree,9450,10,1.8215179443359376e-05,0.4453125
FM Index,9450,10,2.3698806762695314e-05,0.525390625
Suffix Array,9500,10,0.017616987228393555,45346.8388671875
Suffix Tree,9500,10,1.0085105895996093e-05,0.3984375
FM Index,9500,10,3.2973289489746096e-05,0.525390625
Suffix Array,9550,10,0.01919393539428711,45819.333984375
Suffix Tree,9550,10,9.584426879882813e-06,0.4453125
FM Index,9550,10,2.4580955505371092e-05,0.525390625
Suffix Array,9600,10,0.018807029724121092,46292.2470703125
Suffix Tree,9600,10,9.942054748535157e-06,0.3984375
FM Index,9600,10,2.4366378784179685e-05,0.525390625
Suffix Array,9650,10,0.01873469352722168,46769.7734375
Suffix Tree,9650,10,1.5616416931152344e-05,0.3984375
FM Index,9650,10,2.8133392333984375e-05,0.525390625
Suffix Array,9700,10,0.018524742126464842,47247.5693359375
Suffix Tree,9700,10,1.1110305786132813e-05,0.4453125
FM Index,9700,10,2.6488304138183592e-05,0.525390625
Suffix Array,9750,10,0.01944553852081299,47729.978515625
Suffix Tree,9750,10,1.1420249938964845e-05,0.4453125
FM Index,9750,10,2.5177001953125e-05,0.525390625
Suffix Array,9800,10,0.02078201770782471,48213.4267578125
Suffix Tree,9800,10,1.125335693359375e-05,0.3984375
FM Index,9800,10,2.7561187744140624e-05,0.525390625
Suffix Array,9850,10,0.019160652160644533,48710.2041015625
Suffix Tree,9850,10,1.1157989501953124e-05,0.4453125
FM Index,9850,10,2.5033950805664062e-05,0.525390625
Suffix Array,9900,10,0.019130682945251463,49187.5107421875
Suffix Tree,9900,10,1.0395050048828124e-05,0.3984375
FM Index,9900,10,2.5963783264160158e-05,0.525390625
Suffix Array,9950,10,0.019402265548706055,49678.599609375
Suffix Tree,9950,10,1.0943412780761718e-05,0.4453125
FM Index,9950,10,2.892017364501953e-05,0.525390625
Suffix Array,10000,10,0.02080850601196289,50172.1298828125
Suffix Tree,10000,10,1.003742218017578e-05,0.3984375
FM Index,10000,10,2.7585029602050782e-05,0.525390625
Suffix Array,10050,10,0.021621847152709962,50787.2138671875
Suffix Tree,10050,10,1.049041748046875e-05,0.4453125
FM Index,10050,10,2.3603439331054688e-05,0.525390625
Suffix Array,10100,10,0.01891217231750488,51166.9208984375
Suffix Tree,10100,10,1.1014938354492188e-05,0.3984375
FM Index,10100,10,2.5892257690429686e-05,0.525390625
Suffix Array,10150,10,0.019384074211120605,51667.369140625
Suffix Tree,10150,10,9.584426879882813e-06,0.4453125
FM Index,10150,10,2.47955322265625e-05,0.458984375
Suffix Array,10200,10,0.020030665397644042,52170.8134765625
Suffix Tree,10200,10,1.0418891906738282e-05,0.37109375
FM Index,10200,10,3.609657287597656e-05,0.525390625
Suffix Array,10250,10,0.0203092098236084,52677.0625
Suffix Tree,10250,10,9.632110595703126e-06,0.4453125
FM Index,10250,10,2.78472900390625e-05,0.525390625
Suffix Array,10300,10,0.021185588836669923,53186.3564453125
Suffix Tree,10300,10,9.560585021972655e-06,0.3984375
FM Index,10300,10,2.5057792663574217e-05,0.525390625
Suffix Array,10350,10,0.021472978591918945,53695.349609375
Suffix Tree,10350,10,1.0061264038085938e-05,2.296875
FM Index,10350,10,2.491474151611328e-05,0.525390625
Suffix Array,10400,10,0.021326398849487303,54210.6552734375
Suffix Tree,10400,10,1.0347366333007814e-05,0.3984375
FM Index,10400,10,2.8634071350097655e-05,0.525390625
Suffix Array,10450,10,0.021609950065612792,54723.765625
Suffix Tree,10450,10,1.3709068298339844e-05,0.3984375
FM Index,10450,10,2.605915069580078e-05,0.525390625
Suffix Array,10500,10,0.021210432052612305,55241.8583984375
Suffix Tree,10500,10,1.0919570922851562e-05,0.4453125
FM Index,10500,10,2.6297569274902343e-05,0.525390625
Suffix Array,10550,10,0.02169489860534668,55762.865234375
Suffix Tree,10550,10,1.6379356384277344e-05,0.4453125
FM Index,10550,10,3.612041473388672e-05,0.525390625
Suffix Array,10600,10,0.03091104030609131,56285.0712890625
Suffix Tree,10600,10,2.4414062499999998e-05,0.3984375
FM Index,10600,10,3.747940063476562e-05,0.525390625
Suffix Array,10650,10,0.0319443941116333,56831.06640625
Suffix Tree,10650,10,2.0956993103027345e-05,0.4453125
FM Index,10650,10,4.291534423828125e-05,0.525390625
Suffix Array,10700,10,0.032318949699401855,57358.9248046875
Suffix Tree,10700,10,1.461505889892578e-05,0.3984375
FM Index,10700,10,2.9158592224121093e-05,0.525390625
Suffix Array,10750,10,0.022186851501464842,57888.927734375
Suffix Tree,10750,10,1.1157989501953124e-05,0.4453125
FM Index,10750,10,2.7608871459960937e-05,0.525390625
Suffix Array,10800,10,0.02547457218170166,58421.6689453125
Suffix Tree,10800,10,9.584426879882813e-06,0.4453125
FM Index,10800,10,2.8896331787109376e-05,0.525390625
Suffix Array,10850,10,0.02348785400390625,58957.15234375
Suffix Tree,10850,10,1.4662742614746094e-05,0.37109375
FM Index,10850,10,3.600120544433594e-05,0.525390625
Suffix Array,10900,10,0.0235792875289917,59494.1787109375
Suffix Tree,10900,10,1.4114379882812499e-05,0.4453125
FM Index,10900,10,2.9802322387695312e-05,0.525390625
Suffix Array,10950,10,0.023128747940063477,60034.654296875
Suffix Tree,10950,10,1.2278556823730469e-05,0.4453125
FM Index,10950,10,2.8133392333984375e-05,0.525390625
Suffix Array,11000,10,0.023907995223999022,60576.3056640625
Suffix Tree,11000,10,1.1682510375976562e-05,0.3984375
FM Index,11000,10,2.892017364501953e-05,0.525390625
Suffix Array,11050,10,0.02407102584838867,61121.9609375
Suffix Tree,11050,10,1.0752677917480469e-05,0.4453125
FM Index,11050,10,2.925395965576172e-05,0.525390625
Suffix Array,11100,10,0.025067925453186035,61668.3466796875
Suffix Tree,11100,10,1.1229515075683594e-05,0.3984375
FM Index,11100,10,3.271102905273437e-05,0.525390625
Suffix Array,11150,10,0.024297666549682618,62219.263671875
Suffix Tree,11150,10,1.2040138244628906e-05,0.4453125
FM Index,11150,10,3.695487976074219e-05,0.525390625
Suffix Array,11200,10,0.024977707862854005,62770.1533203125
Suffix Tree,11200,10,1.0991096496582032e-05,0.3984375
FM Index,11200,10,2.7942657470703126e-05,0.525390625
Suffix Array,11250,10,0.024329066276550293,63325.8046875
Suffix Tree,11250,10,1.0156631469726563e-05,0.4453125
FM Index,11250,10,2.8538703918457032e-05,0.525390625
Suffix Array,11300,10,0.026145577430725098,63882.8115234375
Suffix Tree,11300,10,9.465217590332032e-06,0.3984375
FM Index,11300,10,4.1317939758300784e-05,0.525390625
Suffix Array,11350,10,0.025607705116271973,64442.259765625
Suffix Tree,11350,10,1.1181831359863283e-05,0.4453125
FM Index,11350,10,4.668235778808594e-05,0.525390625
Suffix Array,11400,10,0.024907994270324706,65005.0048828125
Suffix Tree,11400,10,1.3566017150878906e-05,0.4453125
FM Index,11400,10,2.8872489929199217e-05,0.525390625
Suffix Array,11450,10,0.025905561447143555,65586.375
Suffix Tree,11450,10,1.0061264038085938e-05,0.3984375
FM Index,11450,10,2.6607513427734374e-05,0.525390625
Suffix Array,11500,10,0.026107001304626464,66134.3154296875
Suffix Tree,11500,10,1.1086463928222656e-05,0.41796875
FM Index,11500,10,3.5881996154785156e-05,0.525390625
Suffix Array,11550,10,0.02730295658111572,66707.828125
Suffix Tree,11550,10,1.0514259338378905e-05,0.3984375
FM Index,11550,10,3.125667572021485e-05,0.525390625
Suffix Array,11600,10,0.02633678913116455,67275.1845703125
Suffix Tree,11600,10,1.659393310546875e-05,0.4453125
FM Index,11600,10,2.8252601623535156e-05,0.525390625
Suffix Array,11650,10,0.03496506214141846,67849.28125
Suffix Tree,11650,10,1.8072128295898437e-05,0.3984375
FM Index,11650,10,4.1365623474121094e-05,0.525390625
Suffix Array,11700,10,0.038502955436706544,68426.7568359375
Suffix Tree,11700,10,1.6379356384277344e-05,0.4453125
FM Index,11700,10,3.881454467773438e-05,0.525390625
Suffix Array,11750,10,0.039609885215759276,69006.197265625
Suffix Tree,11750,10,9.489059448242187e-06,0.4453125
FM Index,11750,10,2.9277801513671874e-05,0.525390625
Suffix Array,11800,10,0.027417325973510744,69597.4677734375
Suffix Tree,11800,10,1.316070556640625e-05,0.3984375
FM Index,11800,10,3.3855438232421875e-05,0.525390625
Suffix Array,11850,10,0.029578471183776857,70169.93359375
Suffix Tree,11850,10,1.2183189392089842e-05,0.4453125
FM Index,11850,10,2.944469451904297e-05,0.525390625
Suffix Array,11900,10,0.028070831298828126,70664.7509765625
Suffix Tree,11900,10,1.2254714965820314e-05,0.3984375
FM Index,11900,10,3.371238708496093e-05,0.525390625
Suffix Array,11950,10,0.02811741828918457,71345.130859375
Suffix Tree,11950,10,1.1110305786132811e-05,0.4453125
FM Index,11950,10,3.1065940856933596e-05,0.525390625
Suffix Array,12000,10,0.029709005355834962,71960.2666015625
Suffix Tree,12000,10,1.1444091796875e-05,0.4453125
FM Index,12000,10,4.284381866455078e-05,0.525390625
Suffix Array,12050,10,0.02906949520111084,72552.998046875
Suffix Tree,12050,10,1.0895729064941407e-05,0.3984375
FM Index,12050,10,3.340244293212891e-05,0.525390625
Suffix Array,12100,10,0.028702425956726074,73149.5146484375
Suffix Tree,12100,10,1.1157989501953124e-05,0.4453125
FM Index,12100,10,3.0541419982910155e-05,0.525390625
Suffix Array,12150,10,0.03034355640411377,73750.73828125
Suffix Tree,12150,10,1.0442733764648437e-05,0.3984375
FM Index,12150,10,3.24249267578125e-05,0.525390625
Suffix Array,12200,10,0.02864983081817627,74348.9775390625
Suffix Tree,12200,10,1.0466575622558595e-05,0.4453125
FM Index,12200,10,3.113746643066406e-05,0.525390625
Suffix Array,12250,10,0.031133198738098146,74952.22265625
Suffix Tree,12250,10,1.0085105895996093e-05,0.4453125
FM Index,12250,10,3.073215484619141e-05,0.525390625
Suffix Array,12300,10,0.028076362609863282,75467.9462890625
Suffix Tree,12300,10,1.556873321533203e-05,0.3984375
FM Index,12300,10,3.0446052551269532e-05,0.525390625
Suffix Array,12350,10,0.02966160774230957,76166.482421875
Suffix Tree,12350,10,1.1205673217773438e-05,0.4453125
FM Index,12350,10,2.93731689453125e-05,0.525390625
Suffix Array,12400,10,0.031327438354492185,76777.5009765625
Suffix Tree,12400,10,1.2564659118652344e-05,0.3984375
FM Index,12400,10,3.204345703125e-05,0.525390625
Suffix Array,12450,10,0.03053622245788574,77390.2109375
Suffix Tree,12450,10,9.512901306152343e-06,0.4453125
FM Index,12450,10,3.0446052551269532e-05,0.525390625
Suffix Array,12500,10,0.029649972915649414,78005.9599609375
Suffix Tree,12500,10,1.201629638671875e-05,0.4453125
FM Index,12500,10,3.101825714111328e-05,0.525390625
Suffix Array,12550,10,0.030055308341979982,78624.451171875
Suffix Tree,12550,10,1.080036163330078e-05,0.3984375
FM Index,12550,10,4.119873046875e-05,0.525390625
Suffix Array,12600,10,0.041728663444519046,79244.4853515625
Suffix Tree,12600,10,1.8835067749023438e-05,0.4453125
FM Index,12600,10,4.2724609375e-05,0.525390625
Suffix Array,12650,10,0.04240992069244385,79867.66796875
Suffix Tree,12650,10,1.8262863159179686e-05,0.4453125
FM Index,12650,10,4.2605400085449216e-05,0.525390625
Suffix Array,12700,10,0.031427192687988284,80492.7763671875
Suffix Tree,12700,10,9.489059448242187e-06,0.3984375
FM Index,12700,10,3.3736228942871094e-05,0.458984375
Suffix Array,12750,10,0.03243556022644043,81121.033203125
Suffix Tree,12750,10,1.0204315185546874e-05,0.4453125
FM Index,12750,10,3.097057342529297e-05,0.525390625
Suffix Array,12800,10,0.032221508026123044,81753.7880859375
Suffix Tree,12800,10,1.270771026611328e-05,0.4453125
FM Index,12800,10,3.261566162109375e-05,0.736328125
Suffix Array,12850,10,0.03162791728973389,82287.529296875
Suffix Tree,12850,10,9.5367431640625e-06,0.3984375
FM Index,12850,10,3.2997131347656245e-05,0.525390625
Suffix Array,12900,10,0.033811306953430174,83020.4482421875
Suffix Tree,12900,10,1.0585784912109375e-05,0.4453125
FM Index,12900,10,3.075599670410156e-05,0.525390625
Suffix Array,12950,10,0.03285946846008301,83656.787109375
Suffix Tree,12950,10,1.02996826171875e-05,0.3984375
FM Index,12950,10,2.987384796142578e-05,0.525390625
Suffix Array,13000,10,0.03215336799621582,84202.818359375
Suffix Tree,13000,10,1.0466575622558593e-05,0.4453125
FM Index,13000,10,3.175735473632812e-05,0.525390625
Suffix Array,13050,10,0.03237109184265137,84939.78515625
Suffix Tree,13050,10,1.125335693359375e-05,0.4453125
FM Index,13050,10,3.328323364257813e-05,0.525390625
Suffix Array,13100,10,0.03322224617004395,85583.5966796875
Suffix Tree,13100,10,1.220703125e-05,0.4453125
FM Index,13100,10,3.2067298889160156e-05,0.525390625
Suffix Array,13150,10,0.03230438232421875,86350.5751953125
Suffix Tree,13150,10,9.417533874511719e-06,0.3984375
FM Index,13150,10,3.4689903259277344e-05,0.525390625
Suffix Array,13200,10,0.033834004402160646,86881.6533203125
Suffix Tree,13200,10,1.1444091796875e-05,0.4453125
FM Index,13200,10,3.070831298828125e-05,0.525390625
Suffix Array,13250,10,0.033705639839172366,87532.7890625
Suffix Tree,13250,10,1.1181831359863281e-05,0.3984375
FM Index,13250,10,3.142356872558594e-05,0.525390625
Suffix Array,13300,10,0.034174442291259766,88191.2421875
Suffix Tree,13300,10,1.0228157043457031e-05,0.4453125
FM Index,13300,10,3.0517578125e-05,0.525390625
Suffix Array,13350,10,0.03425142765045166,88858.373046875
Suffix Tree,13350,10,1.0633468627929688e-05,0.4453125
FM Index,13350,10,3.504753112792969e-05,0.525390625
Suffix Array,13400,10,0.03423686027526855,89504.1025390625
Suffix Tree,13400,10,1.9955635070800782e-05,0.4453125
FM Index,13400,10,5.1236152648925776e-05,0.525390625
Suffix Array,13450,10,0.04626779556274414,90166.9453125
Suffix Tree,13450,10,1.9598007202148438e-05,0.3984375
FM Index,13450,10,4.370212554931641e-05,0.525390625
Suffix Array,13500,10,0.04939873218536377,90857.5927734375
Suffix Tree,13500,10,1.0085105895996093e-05,0.4453125
FM Index,13500,10,3.08990478515625e-05,0.525390625
Suffix Array,13550,10,0.036045074462890625,91523.974609375
Suffix Tree,13550,10,1.2016296386718751e-05,0.4453125
FM Index,13550,10,3.5881996154785156e-05,0.525390625
Suffix Array,13600,10,0.034212779998779294,92195.7880859375
Suffix Tree,13600,10,1.0275840759277344e-05,0.3984375
FM Index,13600,10,3.3736228942871094e-05,0.525390625
Suffix Array,13650,10,0.03539271354675293,92865.0390625
Suffix Tree,13650,10,1.0418891906738282e-05,0.4453125
FM Index,13650,10,3.345012664794922e-05,0.525390625
Suffix Array,13700,10,0.03529467582702637,93539.0849609375
Suffix Tree,13700,10,1.208782196044922e-05,0.4453125
FM Index,13700,10,3.516674041748047e-05,0.525390625
Suffix Array,13750,10,0.036131787300109866,94215.869140625
Suffix Tree,13750,10,1.0085105895996093e-05,0.3984375
FM Index,13750,10,3.445148468017578e-05,0.525390625
Suffix Array,13800,10,0.036691474914550784,94894.7978515625
Suffix Tree,13800,10,1.0085105895996093e-05,0.4453125
FM Index,13800,10,3.077983856201172e-05,0.525390625
Suffix Array,13850,10,0.03486149311065674,95576.46484375
Suffix Tree,13850,10,1.1301040649414062e-05,0.4453125
FM Index,13850,10,3.2806396484375005e-05,0.525390625
Suffix Array,13900,10,0.03586256504058838,96260.4248046875
Suffix Tree,13900,10,1.1372566223144532e-05,0.3984375
FM Index,13900,10,3.399848937988281e-05,0.525390625
Suffix Array,13950,10,0.03700785636901856,96947.017578125
Suffix Tree,13950,10,1.4567375183105467e-05,0.4453125
FM Index,13950,10,3.259181976318359e-05,0.525390625
Suffix Array,14000,10,0.03721046447753906,97635.6689453125
Suffix Tree,14000,10,9.417533874511719e-06,0.4453125
FM Index,14000,10,3.3235549926757814e-05,0.525390625
Suffix Array,14050,10,0.03587460517883301,98326.953125
Suffix Tree,14050,10,1.2302398681640624e-05,0.4453125
FM Index,14050,10,3.5834312438964846e-05,0.458984375
Suffix Array,14100,10,0.037741684913635255,99020.5302734375
Suffix Tree,14100,10,1.0156631469726561e-05,0.3984375
FM Index,14100,10,3.247261047363281e-05,0.525390625
Suffix Array,14150,10,0.038729166984558104,99716.697265625
Suffix Tree,14150,10,9.703636169433594e-06,0.4453125
FM Index,14150,10,3.5929679870605466e-05,0.525390625
Suffix Array,14200,10,0.049934101104736325,100415.7119140625
Suffix Tree,14200,10,1.7976760864257814e-05,0.3984375
FM Index,14200,10,4.46319580078125e-05,0.525390625
Suffix Array,14250,10,0.05509591102600098,101116.50390625
Suffix Tree,14250,10,1.9311904907226562e-05,0.4453125
FM Index,14250,10,4.4918060302734376e-05,0.525390625
Suffix Array,14300,10,0.04539735317230224,101821.0810546875
Suffix Tree,14300,10,1.1086463928222656e-05,0.4453125
FM Index,14300,10,3.552436828613281e-05,0.525390625
Suffix Array,14350,10,0.03776130676269531,102527.5546875
Suffix Tree,14350,10,1.0395050048828124e-05,0.4453125
FM Index,14350,10,3.7050247192382814e-05,0.525390625
Suffix Array,14400,10,0.03849673271179199,103234.1533203125
Suffix Tree,14400,10,1.873970031738281e-05,0.3984375
FM Index,14400,10,3.521442413330078e-05,0.525390625
Suffix Array,14450,10,0.03906536102294922,103946.0546875
Suffix Tree,14450,10,1.0442733764648437e-05,0.4453125
FM Index,14450,10,3.530979156494141e-05,0.525390625
Suffix Array,14500,10,0.039678525924682614,104658.2255859375
Suffix Tree,14500,10,1.2016296386718751e-05,0.4453125
FM Index,14500,10,3.314018249511719e-05,0.525390625
Suffix Array,14550,10,0.040436530113220216,105375.416015625
Suffix Tree,14550,10,9.560585021972655e-06,0.4453125
FM Index,14550,10,3.3974647521972656e-05,0.525390625
Suffix Array,14600,10,0.04093921184539795,106092.0634765625
Suffix Tree,14600,10,1.0251998901367188e-05,0.3984375
FM Index,14600,10,3.2448768615722655e-05,0.525390625
Suffix Array,14650,10,0.03984823226928711,106813.73046875
Suffix Tree,14650,10,1.1920928955078125e-05,0.41796875
FM Index,14650,10,3.5643577575683594e-05,0.525390625
Suffix Array,14700,10,0.04032776355743408,107545.8818359375
Suffix Tree,14700,10,1.1205673217773438e-05,0.4453125
FM Index,14700,10,3.3807754516601565e-05,0.525390625
Suffix Array,14750,10,0.04002478122711182,108261.130859375
Suffix Tree,14750,10,9.393692016601564e-06,0.3984375
FM Index,14750,10,3.6883354187011716e-05,0.525390625
Suffix Array,14800,10,0.042279410362243655,108989.0361328125
Suffix Tree,14800,10,1.461505889892578e-05,0.4453125
FM Index,14800,10,3.64542007446289e-05,0.525390625
Suffix Array,14850,10,0.04125912189483642,109721.32421875
Suffix Tree,14850,10,1.0704994201660156e-05,0.4453125
FM Index,14850,10,3.902912139892578e-05,0.525390625
Suffix Array,14900,10,0.0457669734954834,110453.5146484375
Suffix Tree,14900,10,1.678466796875e-05,0.4453125
FM Index,14900,10,5.133152008056641e-05,0.525390625
Suffix Array,14950,10,0.05685844421386719,111188.634765625
Suffix Tree,14950,10,2.1338462829589844e-05,0.3984375
FM Index,14950,10,4.6634674072265624e-05,0.525390625
Suffix Array,15000,10,0.05700480937957764,111925.4111328125
Suffix Tree,15000,10,1.003742218017578e-05,0.4453125
FM Index,15000,10,3.814697265625e-05,0.525390625
Suffix Array,15050,10,0.04215505123138428,112666.52734375
Suffix Tree,15050,10,1.0395050048828124e-05,0.4453125
FM Index,15050,10,3.640651702880859e-05,0.525390625
Suffix Array,15100,10,0.04446444511413574,113408.9716796875
Suffix Tree,15100,10,1.0132789611816406e-05,0.4453125
FM Index,15100,10,3.764629364013672e-05,0.525390625
Suffix Array,15150,10,0.04294970035552979,114153.818359375
Suffix Tree,15150,10,1.0633468627929688e-05,0.3984375
FM Index,15150,10,4.570484161376953e-05,0.525390625
Suffix Array,15200,10,0.042709064483642575,114930.7783203125
Suffix Tree,15200,10,1.1897087097167968e-05,0.4453125
FM Index,15200,10,3.643035888671875e-05,0.525390625
Suffix Array,15250,10,0.04327881336212158,115806.8046875
Suffix Tree,15250,10,1.1229515075683592e-05,0.4453125
FM Index,15250,10,3.674030303955079e-05,0.525390625
Suffix Array,15300,10,0.043589115142822266,116433.2880859375
Suffix Tree,15300,10,1.1110305786132813e-05,0.4453125
FM Index,15300,10,4.198551177978516e-05,0.525390625
Suffix Array,15350,10,0.04462554454803467,117188.048828125
Suffix Tree,15350,10,9.822845458984376e-06,0.3984375
FM Index,15350,10,3.6787986755371096e-05,0.525390625
Suffix Array,15400,10,0.04524061679840088,117944.1650390625
Suffix Tree,15400,10,1.068115234375e-05,0.4453125
FM Index,15400,10,3.6764144897460935e-05,0.525390625
Suffix Array,15450,10,0.0454317569732666,118703.66015625
Suffix Tree,15450,10,1.1038780212402343e-05,0.4453125
FM Index,15450,10,3.3950805664062495e-05,0.525390625
Suffix Array,15500,10,0.046686625480651854,119465.8935546875
Suffix Tree,15500,10,1.0728836059570312e-05,0.4453125
FM Index,15500,10,3.573894500732421e-05,0.525390625
Suffix Array,15550,10,0.04462034702301025,120231.763671875
Suffix Tree,15550,10,1.7833709716796874e-05,0.3984375
FM Index,15550,10,4.792213439941406e-05,0.525390625
Suffix Array,15600,10,0.05973122119903564,120998.3251953125
Suffix Tree,15600,10,1.7404556274414062e-05,0.4453125
FM Index,15600,10,5.075931549072265e-05,0.525390625
Suffix Array,15650,10,0.06470608711242676,121767.734375
Suffix Tree,15650,10,1.0776519775390626e-05,0.4453125
FM Index,15650,10,3.652572631835937e-05,0.525390625
Suffix Array,15700,10,0.045536041259765625,122602.4814453125
Suffix Tree,15700,10,1.049041748046875e-05,0.4453125
FM Index,15700,10,3.8957595825195314e-05,0.525390625
Suffix Array,15750,10,0.04650809764862061,123321.79296875
Suffix Tree,15750,10,1.1444091796875e-05,0.4453125
FM Index,15750,10,4.177093505859375e-05,0.525390625
Suffix Array,15800,10,0.04661846160888672,124091.0166015625
Suffix Tree,15800,10,1.0132789611816406e-05,0.3984375
FM Index,15800,10,3.8695335388183596e-05,0.525390625
Suffix Array,15850,10,0.048031854629516604,124870.2734375
Suffix Tree,15850,10,1.1038780212402343e-05,0.4453125
FM Index,15850,10,3.821849822998047e-05,0.525390625
Suffix Array,15900,10,0.04841318130493164,125650.4638671875
Suffix Tree,15900,10,1.1587142944335936e-05,0.4453125
FM Index,15900,10,3.719329833984375e-05,0.525390625
Suffix Array,15950,10,0.04846465587615967,126435.458984375
Suffix Tree,15950,10,1.0657310485839844e-05,0.4453125
FM Index,15950,10,3.8242340087890626e-05,0.525390625
Suffix Array,16000,10,0.049617552757263185,127220.8720703125
Suffix Tree,16000,10,1.0132789611816406e-05,0.3984375
FM Index,16000,10,3.9958953857421874e-05,0.525390625
Suffix Array,16050,10,0.047689270973205564,128010.8984375
Suffix Tree,16050,10,1.0609626770019531e-05,0.4453125
FM Index,16050,10,3.7789344787597656e-05,0.525390625
Suffix Array,16100,10,0.04584791660308838,128804.4140625
Suffix Tree,16100,10,1.0538101196289063e-05,0.4453125
FM Index,16100,10,3.6835670471191406e-05,0.525390625
Suffix Array,16150,10,0.04803357124328613,129598.171875
Suffix Tree,16150,10,1.1372566223144532e-05,0.4453125
FM Index,16150,10,3.7384033203125e-05,0.525390625
Suffix Array,16200,10,0.06449599266052246,130392.5166015625
Suffix Tree,16200,10,1.9216537475585936e-05,0.3984375
FM Index,16200,10,4.913806915283203e-05,0.525390625
Suffix Array,16250,10,0.06553511619567871,131191.22265625
Suffix Tree,16250,10,1.1110305786132813e-05,0.4453125
FM Index,16250,10,3.781318664550781e-05,0.525390625
Suffix Array,16300,10,0.04830248355865478,131991.2841796875
Suffix Tree,16300,10,1.0228157043457031e-05,0.4453125
FM Index,16300,10,3.5715103149414065e-05,0.525390625
Suffix Array,16350,10,0.04936683177947998,132795.322265625
Suffix Tree,16350,10,1.049041748046875e-05,0.4453125
FM Index,16350,10,3.795623779296875e-05,0.525390625
Suffix Array,16400,10,0.0529207706451416,133601.3525390625
Suffix Tree,16400,10,1.1563301086425781e-05,0.4453125
FM Index,16400,10,3.6716461181640625e-05,0.525390625
Suffix Array,16450,10,0.04984347820281983,134409.2265625
Suffix Tree,16450,10,1.02996826171875e-05,0.3984375
FM Index,16450,10,3.988742828369141e-05,0.525390625
Suffix Array,16500,10,0.05029096603393555,135220.2880859375
Suffix Tree,16500,10,1.0204315185546874e-05,0.4453125
FM Index,16500,10,3.64542007446289e-05,0.525390625
Suffix Array,16550,10,0.05029587745666504,136034.091796875
Suffix Tree,16550,10,1.0824203491210939e-05,0.4453125
FM Index,16550,10,3.6501884460449224e-05,0.525390625
Suffix Array,16600,10,0.05118966102600098,136849.4384765625
Suffix Tree,16600,10,1.0561943054199218e-05,0.4453125
FM Index,16600,10,3.6621093750000005e-05,0.525390625
Suffix Array,16650,10,0.050865674018859865,137667.67578125
Suffix Tree,16650,10,1.2230873107910156e-05,0.3984375
FM Index,16650,10,4.31060791015625e-05,0.525390625
Suffix Array,16700,10,0.053680920600891115,138488.3544921875
Suffix Tree,16700,10,1.0418891906738282e-05,0.4453125
FM Index,16700,10,3.9458274841308594e-05,0.525390625
Suffix Array,16750,10,0.05112366676330567,139311.814453125
Suffix Tree,16750,10,1.049041748046875e-05,0.4453125
FM Index,16750,10,4.3344497680664065e-05,0.525390625
Suffix Array,16800,10,0.06687119007110595,140137.2939453125
Suffix Tree,16800,10,1.7404556274414062e-05,0.4453125
FM Index,16800,10,5.128383636474609e-05,0.525390625
Suffix Array,16850,10,0.07288532257080078,140967.9619140625
Suffix Tree,16850,10,1.201629638671875e-05,0.4453125
FM Index,16850,10,3.981590270996094e-05,0.525390625
Suffix Array,16900,10,0.049684667587280275,141795.3349609375
Suffix Tree,16900,10,1.0704994201660156e-05,0.4453125
FM Index,16900,10,4.017353057861328e-05,0.525390625
Suffix Array,16950,10,0.0518373966217041,142629.076171875
Suffix Tree,16950,10,1.4781951904296875e-05,0.4453125
FM Index,16950,10,3.98397445678711e-05,0.525390625
Suffix Array,17000,10,0.05185997486114502,143463.6962890625
Suffix Tree,17000,10,1.1181831359863281e-05,0.4453125
FM Index,17000,10,4.019737243652344e-05,0.525390625
Suffix Array,17050,10,0.053615880012512204,144304.2236328125
Suffix Tree,17050,10,1.0633468627929688e-05,0.4453125
FM Index,17050,10,3.972053527832031e-05,0.525390625
Suffix Array,17100,10,0.05269811153411865,145175.5615234375
Suffix Tree,17100,10,1.1181831359863283e-05,0.4453125
FM Index,17100,10,6.039142608642578e-05,0.525390625
Suffix Array,17150,10,0.05618674755096435,146018.849609375
Suffix Tree,17150,10,1.0275840759277344e-05,0.4453125
FM Index,17150,10,3.998279571533203e-05,0.525390625
Suffix Array,17200,10,0.05336289405822754,146863.6337890625
Suffix Tree,17200,10,1.5234947204589843e-05,0.4453125
FM Index,17200,10,3.8743019104003906e-05,0.525390625
Suffix Array,17250,10,0.054139351844787596,147710.390625
Suffix Tree,17250,10,9.34600830078125e-06,0.4453125
FM Index,17250,10,3.833770751953125e-05,0.525390625
Suffix Array,17300,10,0.053838157653808595,148560.8154296875
Suffix Tree,17300,10,9.703636169433594e-06,0.3984375
FM Index,17300,10,4.558563232421875e-05,0.525390625
Suffix Array,17350,10,0.06924190521240234,149414.126953125
Suffix Tree,17350,10,2.09808349609375e-05,0.4453125
FM Index,17350,10,6.651878356933594e-05,0.525390625
Suffix Array,17400,10,0.07596580982208252,150270.5380859375
Suffix Tree,17400,10,1.1181831359863283e-05,0.4453125
FM Index,17400,10,4.1317939758300784e-05,0.525390625
Suffix Array,17450,10,0.053959441184997556,151126.02734375
Suffix Tree,17450,10,1.1968612670898438e-05,0.4453125
FM Index,17450,10,4.0912628173828124e-05,0.525390625
Suffix Array,17500,10,0.0572700023651123,151985.7685546875
Suffix Tree,17500,10,1.0967254638671875e-05,0.4453125
FM Index,17500,10,4.57763671875e-05,0.525390625
Suffix Array,17550,10,0.056858229637146,152847.802734375
Suffix Tree,17550,10,1.10626220703125e-05,2.2255859375
FM Index,17550,10,3.9672851562499995e-05,0.525390625
Suffix Array,17600,10,0.05625972747802734,153729.8154296875
Suffix Tree,17600,10,1.0633468627929688e-05,0.4453125
FM Index,17600,10,4.189014434814453e-05,0.525390625
Suffix Array,17650,10,0.05592598915100098,154579.97265625
Suffix Tree,17650,10,1.0108947753906251e-05,0.4453125
FM Index,17650,10,4.088878631591797e-05,0.525390625
Suffix Array,17700,10,0.05582680702209473,155356.4658203125
Suffix Tree,17700,10,1.0156631469726563e-05,0.3984375
FM Index,17700,10,4.315376281738281e-05,0.525390625
Suffix Array,17750,10,0.05828218460083008,156338.755859375
Suffix Tree,17750,10,1.049041748046875e-05,0.4453125
FM Index,17750,10,4.010200500488281e-05,0.525390625
Suffix Array,17800,10,0.06150140762329102,157197.322265625
Suffix Tree,17800,10,1.049041748046875e-05,0.4453125
FM Index,17800,10,4.291534423828125e-05,0.458984375
Suffix Array,17850,10,0.05712883472442627,158072.31640625
Suffix Tree,17850,10,9.989738464355468e-06,0.4453125
FM Index,17850,10,5.14984130859375e-05,0.525390625
Suffix Array,17900,10,0.07822868824005128,158950.5029296875
Suffix Tree,17900,10,1.8143653869628905e-05,0.4453125
FM Index,17900,10,5.221366882324219e-05,0.525390625
Suffix Array,17950,10,0.07115132808685302,159834.984375
Suffix Tree,17950,10,1.0418891906738282e-05,0.4453125
FM Index,17950,10,3.9696693420410156e-05,0.525390625
Suffix Array,18000,10,0.05865082740783691,160717.4580078125
Suffix Tree,18000,10,9.560585021972657e-06,0.4453125
FM Index,18000,10,3.9625167846679685e-05,0.525390625
Suffix Array,18050,10,0.05812351703643799,161604.0546875
Suffix Tree,18050,10,1.3494491577148438e-05,0.3984375
FM Index,18050,10,4.3392181396484375e-05,0.525390625
Suffix Array,18100,10,0.05966594219207764,162492.0068359375
Suffix Tree,18100,10,1.1420249938964845e-05,0.4453125
FM Index,18100,10,4.315376281738281e-05,0.525390625
Suffix Array,18150,10,0.05872788429260254,163384.423828125
Suffix Tree,18150,10,1.1205673217773438e-05,0.4453125
FM Index,18150,10,4.405975341796875e-05,0.525390625
Suffix Array,18200,10,0.05873591899871826,164295.7802734375
Suffix Tree,18200,10,1.0371208190917969e-05,0.4453125
FM Index,18200,10,4.286766052246094e-05,0.525390625
Suffix Array,18250,10,0.059741091728210446,165174.85546875
Suffix Tree,18250,10,1.2421607971191405e-05,0.4453125
FM Index,18250,10,4.012584686279297e-05,0.525390625
Suffix Array,18300,10,0.05933711528778076,166073.6591796875
Suffix Tree,18300,10,1.0561943054199218e-05,0.4453125
FM Index,18300,10,4.2319297790527344e-05,0.525390625
Suffix Array,18350,10,0.0605278730392456,166975.611328125
Suffix Tree,18350,10,1.0609626770019531e-05,0.4453125
FM Index,18350,10,3.9744377136230466e-05,0.525390625
Suffix Array,18400,10,0.0771780252456665,167878.5908203125
Suffix Tree,18400,10,1.9097328186035155e-05,0.4453125
FM Index,18400,10,5.4097175598144526e-05,0.525390625
Suffix Array,18450,10,0.08746998310089112,168785.42578125
Suffix Tree,18450,10,1.1348724365234374e-05,0.4453125
FM Index,18450,10,4.36544418334961e-05,0.525390625
Suffix Array,18500,10,0.06377921104431153,169693.2880859375
Suffix Tree,18500,10,9.5367431640625e-06,0.4453125
FM Index,18500,10,4.3964385986328126e-05,0.525390625
Suffix Array,18550,10,0.062286543846130374,170604.298828125
Suffix Tree,18550,10,9.441375732421874e-06,0.3984375
FM Index,18550,10,4.358291625976563e-05,0.525390625
Suffix Array,18600,10,0.06471056938171386,171518.0087890625
Suffix Tree,18600,10,1.3184547424316406e-05,0.4453125
FM Index,18600,10,4.034042358398437e-05,0.525390625
Suffix Array,18650,10,0.06059372425079346,172411.0322265625
Suffix Tree,18650,10,9.369850158691406e-06,0.4453125
FM Index,18650,10,4.7254562377929685e-05,0.525390625
Suffix Array,18700,10,0.06323142051696777,173353.7509765625
Suffix Tree,18700,10,1.087188720703125e-05,0.4453125
FM Index,18700,10,4.3487548828125e-05,0.525390625
Suffix Array,18750,10,0.06346862316131592,174271.927734375
Suffix Tree,18750,10,1.1157989501953124e-05,0.4453125
FM Index,18750,10,4.181861877441406e-05,0.525390625
Suffix Array,18800,10,0.06316823959350586,175194.8876953125
Suffix Tree,18800,10,1.0848045349121094e-05,0.4453125
FM Index,18800,10,4.7779083251953126e-05,0.525390625
Suffix Array,18850,10,0.06452269554138183,176120.8046875
Suffix Tree,18850,10,1.0609626770019531e-05,0.4453125
FM Index,18850,10,5.617141723632813e-05,0.525390625
Suffix Array,18900,10,0.08374958038330078,177048.6474609375
Suffix Tree,18900,10,1.6188621520996095e-05,0.4453125
FM Index,18900,10,6.14643096923828e-05,0.525390625
Suffix Array,18950,10,0.07629544734954834,177886.5625
Suffix Tree,18950,10,1.02996826171875e-05,0.37109375
FM Index,18950,10,4.146099090576171e-05,0.525390625
Suffix Array,19000,10,0.06744425296783448,178912.4306640625
Suffix Tree,19000,10,1.1062622070312501e-05,0.4453125
FM Index,19000,10,4.198551177978516e-05,0.525390625
Suffix Array,19050,10,0.0634232521057129,179847.59765625
Suffix Tree,19050,10,1.0538101196289063e-05,0.4453125
FM Index,19050,10,4.391670227050781e-05,0.525390625
Suffix Array,19100,10,0.06462476253509522,180785.7216796875
Suffix Tree,19100,10,1.2660026550292967e-05,0.4453125
FM Index,19100,10,4.184246063232422e-05,0.525390625
Suffix Array,19150,10,0.06481595039367676,181725.880859375
Suffix Tree,19150,10,1.0418891906738282e-05,0.4453125
FM Index,19150,10,4.3177604675292974e-05,0.525390625
Suffix Array,19200,10,0.06503901481628419,182672.748046875
Suffix Tree,19200,10,9.441375732421875e-06,0.4453125
FM Index,19200,10,4.215240478515625e-05,0.525390625
Suffix Array,19250,10,0.06714134216308594,183654.6259765625
Suffix Tree,19250,10,1.220703125e-05,0.4453125
FM Index,19250,10,4.7659873962402345e-05,0.525390625
Suffix Array,19300,10,0.06576778888702392,184599.2255859375
Suffix Tree,19300,10,1.1563301086425781e-05,0.4453125
FM Index,19300,10,3.998279571533203e-05,0.525390625
Suffix Array,19350,10,0.07435083389282227,185550.126953125
Suffix Tree,19350,10,1.7857551574707033e-05,0.4453125
FM Index,19350,10,6.613731384277343e-05,0.525390625
Suffix Array,19400,10,0.08930399417877197,186503.3486328125
Suffix Tree,19400,10,1.0657310485839844e-05,0.3984375
FM Index,19400,10,4.374980926513672e-05,0.525390625
Suffix Array,19450,10,0.06547708511352539,187462.103515625
Suffix Tree,19450,10,1.3875961303710938e-05,0.4453125
FM Index,19450,10,4.661083221435547e-05,0.525390625
Suffix Array,19500,10,0.06856188774108887,188414.9951171875
Suffix Tree,19500,10,1.0538101196289063e-05,0.3984375
FM Index,19500,10,4.105567932128906e-05,0.525390625
Suffix Array,19550,10,0.06861538887023926,189373.599609375
Suffix Tree,19550,10,1.0585784912109376e-05,2.28125
FM Index,19550,10,4.150867462158203e-05,0.525390625
Suffix Array,19600,10,0.06814990043640137,190337.3720703125
Suffix Tree,19600,10,1.0418891906738282e-05,0.4453125
FM Index,19600,10,5.0854682922363284e-05,0.525390625
Suffix Array,19650,10,0.06707985401153564,191317.4248046875
Suffix Tree,19650,10,1.1587142944335938e-05,0.4453125
FM Index,19650,10,4.2438507080078125e-05,0.525390625
Suffix Array,19700,10,0.06824009418487549,192267.9130859375
Suffix Tree,19700,10,1.0132789611816406e-05,0.4453125
FM Index,19700,10,4.382133483886719e-05,0.525390625
Suffix Array,19750,10,0.06854019165039063,193237.517578125
Suffix Tree,19750,10,1.1587142944335936e-05,0.4453125
FM Index,19750,10,4.2533874511718745e-05,0.525390625
Suffix Array,19800,10,0.06972289085388184,194210.6494140625
Suffix Tree,19800,10,1.9931793212890624e-05,0.4453125
FM Index,19800,10,5.5861473083496096e-05,0.525390625
Suffix Array,19850,10,0.09139025211334229,195184.05078125
Suffix Tree,19850,10,1.1277198791503906e-05,0.4453125
FM Index,19850,10,4.208087921142578e-05,0.525390625
Suffix Array,19900,10,0.06884081363677978,196164.9228515625
Suffix Tree,19900,10,1.068115234375e-05,0.4453125
FM Index,19900,10,4.611015319824219e-05,0.525390625
Suffix Array,19950,10,0.06858782768249512,197140.349609375
Suffix Tree,19950,10,9.393692016601562e-06,0.4453125
FM Index,19950,10,4.212856292724609e-05,0.525390625
Suffix Array,20000,10,0.07222900390625,198123.2470703125
Suffix Tree,20000,10,1.1110305786132811e-05,0.4453125
FM Index,20000,10,4.973411560058594e-05,0.525390625
Suffix Array,20050,10,0.07154836654663085,199109.744140625
Suffix Tree,20050,10,1.1086463928222656e-05,0.4453125
FM Index,20050,10,5.168914794921875e-05,0.525390625
Suffix Array,20100,10,0.07145445346832276,200093.1083984375
Suffix Tree,20100,10,1.3113021850585938e-05,0.4453125
FM Index,20100,10,4.9185752868652346e-05,0.525390625
Suffix Array,20150,10,0.07162914276123047,201098.5537109375
Suffix Tree,20150,10,1.049041748046875e-05,0.4453125
FM Index,20150,10,4.6420097351074216e-05,0.525390625
Suffix Array,20200,10,0.07229652404785156,202075.7060546875
Suffix Tree,20200,10,1.1110305786132811e-05,0.3984375
FM Index,20200,10,4.4250488281250005e-05,0.525390625
Suffix Array,20250,10,0.07671704292297363,203068.328125
Suffix Tree,20250,10,1.0251998901367188e-05,0.4453125
FM Index,20250,10,6.115436553955078e-05,0.525390625
Suffix Array,20300,10,0.09747781753540039,204064.2998046875
Suffix Tree,20300,10,9.632110595703125e-06,0.4453125
FM Index,20300,10,4.61578369140625e-05,0.525390625
Suffix Array,20350,10,0.07281308174133301,205069.2392578125
Suffix Tree,20350,10,1.1181831359863283e-05,0.3984375
FM Index,20350,10,5.4049491882324216e-05,0.525390625
Suffix Array,20400,10,0.07434008121490479,206064.8017578125
Suffix Tree,20400,10,1.2111663818359374e-05,0.4453125
FM Index,20400,10,4.992485046386718e-05,0.525390625
Suffix Array,20450,10,0.07220873832702637,207069.4140625
Suffix Tree,20450,10,1.0514259338378907e-05,0.4453125
FM Index,20450,10,4.460811614990235e-05,0.525390625
Suffix Array,20500,10,0.07356977462768555,208080.4892578125
Suffix Tree,20500,10,1.0418891906738282e-05,0.4453125
FM Index,20500,10,4.4178962707519534e-05,0.525390625
Suffix Array,20550,10,0.07254679203033447,209087.0654296875
Suffix Tree,20550,10,1.0132789611816406e-05,0.4453125
FM Index,20550,10,4.336833953857421e-05,0.525390625
Suffix Array,20600,10,0.07252697944641114,210094.5869140625
Suffix Tree,20600,10,1.1062622070312501e-05,0.3984375
FM Index,20600,10,4.3392181396484375e-05,0.525390625
Suffix Array,20650,10,0.07310953140258789,211125.056640625
Suffix Tree,20650,10,1.1658668518066408e-05,0.4453125
FM Index,20650,10,4.572868347167969e-05,0.525390625
Suffix Array,20700,10,0.0979053258895874,212125.6630859375
Suffix Tree,20700,10,1.778602600097656e-05,0.4453125
FM Index,20700,10,6.21795654296875e-05,0.525390625
Suffix Array,20750,10,0.08013248443603516,213142.302734375
Suffix Tree,20750,10,1.1920928955078125e-05,0.3984375
FM Index,20750,10,4.405975341796875e-05,0.525390625
Suffix Array,20800,10,0.07475459575653076,214163.5166015625
Suffix Tree,20800,10,1.2803077697753907e-05,0.4453125
FM Index,20800,10,4.9996376037597654e-05,0.525390625
Suffix Array,20850,10,0.07431473731994628,215192.775390625
Suffix Tree,20850,10,1.194477081298828e-05,0.4453125
FM Index,20850,10,4.7993659973144534e-05,0.525390625
Suffix Array,20900,10,0.0752335548400879,216214.0419921875
Suffix Tree,20900,10,1.1682510375976562e-05,0.4453125
FM Index,20900,10,4.8327445983886716e-05,0.525390625
Suffix Array,20950,10,0.07779507637023926,217258.6015625
Suffix Tree,20950,10,9.560585021972657e-06,0.4453125
FM Index,20950,10,4.687309265136719e-05,0.525390625
Suffix Array,21000,10,0.07511491775512695,218271.3447265625
Suffix Tree,21000,10,9.703636169433594e-06,0.4453125
FM Index,21000,10,4.7993659973144534e-05,0.525390625
Suffix Array,21050,10,0.0769817590713501,219305.25390625
Suffix Tree,21050,10,1.0442733764648437e-05,0.3984375
FM Index,21050,10,4.594326019287109e-05,0.525390625
Suffix Array,21100,10,0.08995859622955323,220340.1787109375
Suffix Tree,21100,10,1.9383430480957034e-05,0.4453125
FM Index,21100,10,5.8770179748535156e-05,0.525390625
Suffix Array,21150,10,0.09997057914733887,221377.654296875
Suffix Tree,21150,10,1.2063980102539063e-05,0.3984375
FM Index,21150,10,4.425048828125e-05,0.525390625
Suffix Array,21200,10,0.07658174037933349,222418.0595703125
Suffix Tree,21200,10,9.393692016601564e-06,0.4453125
FM Index,21200,10,4.6873092651367186e-05,0.525390625
Suffix Array,21250,10,0.07771420478820801,223464.7275390625
Suffix Tree,21250,10,1.5020370483398438e-05,0.3984375
FM Index,21250,10,4.382133483886719e-05,0.525390625
Suffix Array,21300,10,0.08028619289398194,224507.2802734375
Suffix Tree,21300,10,1.1181831359863281e-05,0.4453125
FM Index,21300,10,4.6324729919433596e-05,0.525390625
Suffix Array,21350,10,0.0766042947769165,225572.4140625
Suffix Tree,21350,10,9.322166442871094e-06,0.3984375
FM Index,21350,10,5.042552947998047e-05,0.525390625
Suffix Array,21400,10,0.07713243961334229,226605.1806640625
Suffix Tree,21400,10,1.2302398681640624e-05,0.4453125
FM Index,21400,10,4.739761352539063e-05,0.525390625
Suffix Array,21450,10,0.08157329559326172,227673.798828125
Suffix Tree,21450,10,9.679794311523438e-06,0.4453125
FM Index,21450,10,4.863739013671875e-05,0.525390625
Suffix Array,21500,10,0.08924241065979004,228713.1044921875
Suffix Tree,21500,10,1.8858909606933592e-05,0.3984375
FM Index,21500,10,6.182193756103515e-05,0.525390625
Suffix Array,21550,10,0.1083749771118164,229770.830078125
Suffix Tree,21550,10,1.1467933654785157e-05,0.4453125
FM Index,21550,10,4.7254562377929685e-05,0.525390625
Suffix Array,21600,10,0.07865414619445801,230833.201171875
Suffix Tree,21600,10,1.0776519775390626e-05,0.4453125
FM Index,21600,10,4.565715789794922e-05,0.525390625
Suffix Array,21650,10,0.08118636608123779,231934.96875
Suffix Tree,21650,10,1.080036163330078e-05,0.3984375
FM Index,21650,10,4.870891571044922e-05,0.525390625
Suffix Array,21700,10,0.08123066425323486,233003.3251953125
Suffix Tree,21700,10,1.1348724365234375e-05,0.4453125
FM Index,21700,10,5.0020217895507815e-05,0.458984375
Suffix Array,21750,10,0.0803910255432129,234067.048828125
Suffix Tree,21750,10,1.0848045349121094e-05,0.3984375
FM Index,21750,10,4.992485046386719e-05,0.525390625
Suffix Array,21800,10,0.08091778755187988,235139.7060546875
Suffix Tree,21800,10,1.1730194091796876e-05,0.4453125
FM Index,21800,10,4.954338073730469e-05,0.525390625
Suffix Array,21850,10,0.08295626640319824,236209.6015625
Suffix Tree,21850,10,1.1157989501953124e-05,0.3984375
FM Index,21850,10,4.9042701721191404e-05,0.525390625
Suffix Array,21900,10,0.10293724536895751,237283.8193359375
Suffix Tree,21900,10,1.912117004394531e-05,0.4453125
FM Index,21900,10,7.26938247680664e-05,0.525390625
Suffix Array,21950,10,0.09991981983184814,238360.505859375
Suffix Tree,21950,10,1.0275840759277342e-05,0.4453125
FM Index,21950,10,4.8995018005371094e-05,0.525390625
Suffix Array,22000,10,0.0838979959487915,239455.3056640625
Suffix Tree,22000,10,9.703636169433594e-06,0.3984375
FM Index,22000,10,5.261898040771484e-05,0.525390625
Suffix Array,22050,10,0.08243539333343505,240525.2666015625
Suffix Tree,22050,10,1.3446807861328125e-05,0.4453125
FM Index,22050,10,4.9066543579101565e-05,0.525390625
Suffix Array,22100,10,0.08500826358795166,241622.10546875
Suffix Tree,22100,10,1.0776519775390626e-05,0.4453125
FM Index,22100,10,5.7649612426757815e-05,0.525390625
Suffix Array,22150,10,0.08351292610168456,242692.197265625
Suffix Tree,22150,10,9.655952453613281e-06,0.4453125
FM Index,22150,10,4.770755767822266e-05,0.525390625
Suffix Array,22200,10,0.08514554500579834,243797.505859375
Suffix Tree,22200,10,1.3089179992675781e-05,0.3984375
FM Index,22200,10,4.76837158203125e-05,0.525390625
Suffix Array,22250,10,0.08438358306884766,244874.2734375
Suffix Tree,22250,10,9.655952453613281e-06,0.4453125
FM Index,22250,10,6.313323974609375e-05,0.525390625
Suffix Array,22300,10,0.1092616081237793,245968.0498046875
Suffix Tree,22300,10,1.7404556274414062e-05,0.4453125
FM Index,22300,10,5.130767822265625e-05,0.525390625
Suffix Array,22350,10,0.08573529720306397,247063.521484375
Suffix Tree,22350,10,1.1181831359863281e-05,0.4453125
FM Index,22350,10,5.0568580627441405e-05,0.525390625
Suffix Array,22400,10,0.08687760829925537,248180.9638671875
Suffix Tree,22400,10,1.0466575622558593e-05,0.3984375
FM Index,22400,10,4.8065185546875005e-05,0.525390625
Suffix Array,22450,10,0.0868363618850708,249264.41015625
Suffix Tree,22450,10,1.0704994201660156e-05,0.4453125
FM Index,22450,10,5.216598510742188e-05,0.525390625
Suffix Array,22500,10,0.08497426509857178,250370.8486328125
Suffix Tree,22500,10,1.094341278076172e-05,0.4453125
FM Index,22500,10,5.519390106201172e-05,0.525390625
Suffix Array,22550,10,0.08624768257141113,251474.166015625
Suffix Tree,22550,10,1.0061264038085938e-05,0.3984375
FM Index,22550,10,4.7135353088378904e-05,0.525390625
Suffix Array,22600,10,0.08741817474365235,252583.2705078125
Suffix Tree,22600,10,1.9979476928710937e-05,0.4453125
FM Index,22600,10,5.233287811279297e-05,0.525390625
Suffix Array,22650,10,0.10668759346008301,253697.3173828125
Suffix Tree,22650,10,1.8095970153808595e-05,0.4453125
FM Index,22650,10,6.933212280273438e-05,0.525390625
Suffix Array,22700,10,0.09695234298706054,254811.27734375
Suffix Tree,22700,10,1.0609626770019531e-05,0.3984375
FM Index,22700,10,5.2642822265625e-05,0.525390625
Suffix Array,22750,10,0.08963518142700196,255924.958984375
Suffix Tree,22750,10,1.0347366333007814e-05,0.4453125
FM Index,22750,10,4.7707557678222655e-05,0.525390625
Suffix Array,22800,10,0.08850264549255371,257042.4033203125
Suffix Tree,22800,10,1.0752677917480467e-05,0.3984375
FM Index,22800,10,5.36203384399414e-05,0.525390625
Suffix Array,22850,10,0.08943734169006348,258164.71875
Suffix Tree,22850,10,1.0704994201660156e-05,0.4453125
FM Index,22850,10,4.78982925415039e-05,0.525390625
Suffix Array,22900,10,0.08735537528991699,259286.7880859375
Suffix Tree,22900,10,1.4352798461914063e-05,0.3984375
FM Index,22900,10,5.259513854980469e-05,0.525390625
Suffix Array,22950,10,0.08941724300384521,260412.642578125
Suffix Tree,22950,10,1.270771026611328e-05,0.4453125
FM Index,22950,10,4.8327445983886716e-05,0.525390625
Suffix Array,23000,10,0.10107207298278809,261540.9384765625
Suffix Tree,23000,10,1.9741058349609378e-05,0.4453125
FM Index,23000,10,0.00024466514587402345,0.525390625
Suffix Array,23050,10,0.11330246925354004,262674.7861328125
Suffix Tree,23050,10,1.3470649719238281e-05,0.4453125
FM Index,23050,10,5.4669380187988284e-05,0.525390625
Suffix Array,23100,10,0.09167592525482178,263805.9404296875
Suffix Tree,23100,10,1.125335693359375e-05,0.3984375
FM Index,23100,10,5.14984130859375e-05,0.525390625
Suffix Array,23150,10,0.0899049997329712,264943.16796875
Suffix Tree,23150,10,1.080036163330078e-05,0.4453125
FM Index,23150,10,5.3811073303222654e-05,0.525390625
Suffix Array,23200,10,0.08905911445617676,266083.7490234375
Suffix Tree,23200,10,1.0395050048828125e-05,0.3984375
FM Index,23200,10,5.099773406982422e-05,0.525390625
Suffix Array,23250,10,0.08951168060302735,267219.2421875
Suffix Tree,23250,10,1.1897087097167968e-05,0.4453125
FM Index,23250,10,5.1069259643554685e-05,0.525390625
Suffix Array,23300,10,0.08982553482055664,268361.9833984375
Suffix Tree,23300,10,7.612705230712891e-05,0.3984375
FM Index,23300,10,4.885196685791015e-05,0.525390625
Suffix Array,23350,10,0.09678831100463867,269513.0693359375
Suffix Tree,23350,10,1.795291900634766e-05,0.4453125
FM Index,23350,10,6.728172302246093e-05,0.525390625
Suffix Array,23400,10,0.12065293788909912,270656.2822265625
Suffix Tree,23400,10,9.703636169433594e-06,0.4453125
FM Index,23400,10,4.830360412597656e-05,0.525390625
Suffix Array,23450,10,0.09032444953918457,271798.7587890625
Suffix Tree,23450,10,1.1324882507324219e-05,0.4453125
FM Index,23450,10,5.660057067871093e-05,0.525390625
Suffix Array,23500,10,0.09349374771118164,272964.2822265625
Suffix Tree,23500,10,2.2029876708984376e-05,0.3984375
FM Index,23500,10,5.545616149902344e-05,0.525390625
Suffix Array,23550,10,0.09337854385375977,274116.859375
Suffix Tree,23550,10,1.0585784912109375e-05,0.4453125
FM Index,23550,10,6.0486793518066404e-05,0.525390625
Suffix Array,23600,10,0.09416797161102294,275272.0048828125
Suffix Tree,23600,10,1.3470649719238281e-05,0.3984375
FM Index,23600,10,5.555152893066406e-05,0.525390625
Suffix Array,23650,10,0.09576253890991211,276432.0390625
Suffix Tree,23650,10,1.049041748046875e-05,0.4453125
FM Index,23650,10,4.9114227294921875e-05,0.525390625
Suffix Array,23700,10,0.10293655395507813,277595.2216796875
Suffix Tree,23700,10,2.322196960449219e-05,0.3984375
FM Index,23700,10,6.890296936035156e-05,0.525390625
Suffix Array,23750,10,0.11995618343353272,278775.044921875
Suffix Tree,23750,10,1.0657310485839844e-05,0.4453125
FM Index,23750,10,5.099773406982422e-05,0.525390625
Suffix Array,23800,10,0.09608001708984375,279926.7900390625
Suffix Tree,23800,10,1.6069412231445314e-05,0.4453125
FM Index,23800,10,5.660057067871093e-05,0.525390625
Suffix Array,23850,10,0.09727318286895752,281096.58984375
Suffix Tree,23850,10,1.0347366333007812e-05,0.3984375
FM Index,23850,10,5.340576171875e-05,0.525390625
Suffix Array,23900,10,0.09824595451354981,282268.8310546875
Suffix Tree,23900,10,1.0156631469726561e-05,0.4453125
FM Index,23900,10,5.850791931152344e-05,0.525390625
Suffix Array,23950,10,0.09499201774597169,283443.513671875
Suffix Tree,23950,10,1.125335693359375e-05,0.4453125
FM Index,23950,10,5.402565002441407e-05,0.525390625
Suffix Array,24000,10,0.09607722759246826,284620.8955078125
Suffix Tree,24000,10,1.1348724365234375e-05,0.4453125
FM Index,24000,10,5.140304565429688e-05,0.525390625
Suffix Array,24050,10,0.11692516803741455,285800.203125
Suffix Tree,24050,10,2.1052360534667968e-05,0.4453125
FM Index,24050,10,7.119178771972657e-05,0.525390625
Suffix Array,24100,10,0.1097174882888794,286988.5146484375
Suffix Tree,24100,10,1.1038780212402343e-05,0.3984375
FM Index,24100,10,5.257129669189453e-05,0.525390625
Suffix Array,24150,10,0.09823544025421142,288169.1875
Suffix Tree,24150,10,1.0657310485839844e-05,0.4453125
FM Index,24150,10,4.935264587402344e-05,0.525390625
Suffix Array,24200,10,0.09634230136871338,289356.2958984375
Suffix Tree,24200,10,1.1396408081054687e-05,0.4453125
FM Index,24200,10,5.486011505126953e-05,0.525390625
Suffix Array,24250,10,0.09793279170989991,290544.3046875
Suffix Tree,24250,10,1.113414764404297e-05,0.4453125
FM Index,24250,10,5.037784576416016e-05,0.525390625
Suffix Array,24300,10,0.09827096462249756,291745.24609375
Suffix Tree,24300,10,1.0752677917480467e-05,0.4453125
FM Index,24300,10,4.971027374267578e-05,0.525390625
Suffix Array,24350,10,0.0978928804397583,292977.197265625
Suffix Tree,24350,10,2.968311309814453e-05,0.4453125
FM Index,24350,10,7.202625274658204e-05,0.525390625
Suffix Array,24400,10,0.12757627964019774,294189.5859375
Suffix Tree,24400,10,1.208782196044922e-05,0.4453125
FM Index,24400,10,5.612373352050781e-05,0.525390625
Suffix Array,24450,10,0.10212574005126954,295429.099609375
Suffix Tree,24450,10,0.0001049041748046875,0.3984375
FM Index,24450,10,5.4836273193359375e-05,0.525390625
Suffix Array,24500,10,0.10245697498321533,296573.4013671875
Suffix Tree,24500,10,1.0609626770019531e-05,0.4453125
FM Index,24500,10,5.5694580078125005e-05,0.525390625
Suffix Array,24550,10,0.10225942134857177,297777.123046875
Suffix Tree,24550,10,1.1682510375976562e-05,0.4453125
FM Index,24550,10,6.279945373535156e-05,0.525390625
Suffix Array,24600,10,0.10069084167480469,298984.7216796875
Suffix Tree,24600,10,1.113414764404297e-05,0.3984375
FM Index,24600,10,5.2928924560546875e-05,0.525390625
Suffix Array,24650,10,0.1046492576599121,300195.396484375
Suffix Tree,24650,10,1.0371208190917969e-05,0.4453125
FM Index,24650,10,5.7530403137207034e-05,0.525390625
Suffix Array,24700,10,0.12314035892486572,301407.62109375
Suffix Tree,24700,10,2.0122528076171876e-05,0.4453125
FM Index,24700,10,7.214546203613282e-05,0.525390625
Suffix Array,24750,10,0.11523072719573975,302618.486328125
Suffix Tree,24750,10,1.2111663818359374e-05,0.4453125
FM Index,24750,10,6.012916564941406e-05,0.525390625
Suffix Array,24800,10,0.10235483646392822,303834.9853515625
Suffix Tree,24800,10,1.0728836059570312e-05,0.4453125
FM Index,24800,10,5.519390106201172e-05,0.525390625
Suffix Array,24850,10,0.10296618938446045,305056.0869140625
Suffix Tree,24850,10,1.1372566223144532e-05,0.4453125
FM Index,24850,10,5.22613525390625e-05,0.525390625
Suffix Array,24900,10,0.10066397190093994,306272.8896484375
Suffix Tree,24900,10,1.1515617370605468e-05,0.4453125
FM Index,24900,10,5.4383277893066405e-05,0.525390625
Suffix Array,24950,10,0.1015183687210083,307555.484375
Suffix Tree,24950,10,1.2159347534179688e-05,0.4453125
FM Index,24950,10,5.228519439697266e-05,0.525390625
Suffix Array,25000,10,0.10476448535919189,308724.1455078125
Suffix Tree,25000,10,1.983642578125e-05,0.4453125
FM Index,25000,10,7.739067077636719e-05,0.525390625
Suffix Array,25050,10,0.13226349353790284,309954.060546875
Suffix Tree,25050,10,1.1181831359863283e-05,0.4453125
FM Index,25050,10,5.559921264648437e-05,0.525390625